message,severity,attributes,tags,timestamp
Starting Container,info,"{""level"":""info""}","{""project"":""90a47e04-a329-4122-9c82-2ee75a4562c2"",""environment"":""f6319bd4-2e87-40d4-8547-4ce714038bc1"",""service"":""c236b8cb-3eff-45c5-aca0-23e73e33dc8d"",""deployment"":""a6bd896b-ce92-4f23-ba48-744194e620d7"",""replica"":""557c57ce-d06f-4e60-ae3c-60391ac47c2e""}",2026-09-13T17:08:50.658632994Z
"2026-09-13T17:08:57.315Z [[32minfo[39m] MQTT TLS credentials loaded from environment (in-memory only) {""service"":""mqtt-publisher-lite"",""hasCa"":true,""hasClientCert"":true,""hasClientKey"":true}",info,"{""level"":""info""}","{""project"":""90a47e04-a329-4122-9c82-2ee75a4562c2"",""environment"":""f6319bd4-2e87-40d4-8547-4ce714038bc1"",""service"":""c236b8cb-3eff-45c5-aca0-23e73e33dc8d"",""deployment"":""a6bd896b-ce92-4f23-ba48-744194e620d7"",""replica"":""557c57ce-d06f-4e60-ae3c-60391ac47c2e""}",2026-09-13T17:08:58.314395603Z
"2026-09-13T17:08:57.315Z [[33mwarn[39m] Deprecated environment variable BATCH_SIZE; use IG_POLL_BATCH_SIZE instead {""service"":""mqtt-publisher-lite""}",info,"{""level"":""info""}","{""project"":""90a47e04-a329-4122-9c82-2ee75a4562c2"",""environment"":""f6319bd4-2e87-40d4-8547-4ce714038bc1"",""service"":""c236b8cb-3eff-45c5-aca0-23e73e33dc8d"",""deployment"":""a6bd896b-ce92-4f23-ba48-744194e620d7"",""replica"":""557c57ce-d06f-4e60-ae3c-60391ac47c2e""}",2026-09-13T17:08:58.314402173Z
"2026-09-13T17:08:57.316Z [[33mwarn[39m] Deprecated environment variable BATCH_TIMEOUT; use INFLUXDB_QUEUE_FLUSH_MS instead {""service"":""mqtt-publisher-lite""}",info,"{""level"":""info""}","{""project"":""90a47e04-a329-4122-9c82-2ee75a4562c2"",""environment"":""f6319bd4-2e87-40d4-8547-4ce714038bc1"",""service"":""c236b8cb-3eff-45c5-aca0-23e73e33dc8d"",""deployment"":""a6bd896b-ce92-4f23-ba48-744194e620d7"",""replica"":""557c57ce-d06f-4e60-ae3c-60391ac47c2e""}",2026-09-13T17:08:58.314405633Z
"2026-09-13T17:08:57.316Z [[33mwarn[39m] Deprecated environment variable MAX_RETRIES; use INFLUXDB_HEALTH_RETRIES instead {""service"":""mqtt-publisher-lite""}",info,"{""level"":""info""}","{""project"":""90a47e04-a329-4122-9c82-2ee75a4562c2"",""environment"":""f6319bd4-2e87-40d4-8547-4ce714038bc1"",""service"":""c236b8cb-3eff-45c5-aca0-23e73e33dc8d"",""deployment"":""a6bd896b-ce92-4f23-ba48-744194e620d7"",""replica"":""557c57ce-d06f-4e60-ae3c-60391ac47c2e""}",2026-09-13T17:08:58.314408813Z
"2026-09-13T17:08:57.316Z [[33mwarn[39m] Deprecated environment variable CONNECTION_POOL_MAX; use MONGODB_MAX_POOL_SIZE instead {""service"":""mqtt-publisher-lite""}",info,"{""level"":""info""}","{""project"":""90a47e04-a329-4122-9c82-2ee75a4562c2"",""environment"":""f6319bd4-2e87-40d4-8547-4ce714038bc1"",""service"":""c236b8cb-3eff-45c5-aca0-23e73e33dc8d"",""deployment"":""a6bd896b-ce92-4f23-ba48-744194e620d7"",""replica"":""557c57ce-d06f-4e60-ae3c-60391ac47c2e""}",2026-09-13T17:08:58.314412063Z
"2026-09-13T17:08:57.311Z [[32minfo[39m] Provisioning Root CA: env probe (lengths only, values not logged) {""service"":""mqtt-publisher-lite"",""source"":""MQTT_TLS_CA_BASE64 + MQTT_TLS_CA_KEY_BASE64"",""MQTT_TLS_CA_BASE64_present"":true,""MQTT_TLS_CA_BASE64_length"":1712,""MQTT_TLS_CA_KEY_BASE64_present"":true,""MQTT_TLS_CA_KEY_BASE64_length"":2276,""PROVISIONING_CA_DIR"":""/app/data/certs""}",info,"{""level"":""info""}","{""project"":""90a47e04-a329-4122-9c82-2ee75a4562c2"",""environment"":""f6319bd4-2e87-40d4-8547-4ce714038bc1"",""service"":""c236b8cb-3eff-45c5-aca0-23e73e33dc8d"",""deployment"":""a6bd896b-ce92-4f23-ba48-744194e620d7"",""replica"":""557c57ce-d06f-4e60-ae3c-60391ac47c2e""}",2026-09-13T17:08:58.314463252Z
"2026-09-13T17:08:57.313Z [[32minfo[39m] Provisioning Root CA: read PEM from environment (decoded) {""service"":""mqtt-publisher-lite"",""cert_pem_bytes"":1280,""cert_sha256_prefix"":""4287dec1a8458305"",""key_pem_bytes"":1704,""key_kind"":""PKCS#1 RSA""}",info,"{""level"":""info""}","{""project"":""90a47e04-a329-4122-9c82-2ee75a4562c2"",""environment"":""f6319bd4-2e87-40d4-8547-4ce714038bc1"",""service"":""c236b8cb-3eff-45c5-aca0-23e73e33dc8d"",""deployment"":""a6bd896b-ce92-4f23-ba48-744194e620d7"",""replica"":""557c57ce-d06f-4e60-ae3c-60391ac47c2e""}",2026-09-13T17:08:58.314465892Z
"2026-09-13T17:08:57.314Z [[32minfo[39m] Provisioning Root CA: wrote files from env (CAService will load these paths) {""service"":""mqtt-publisher-lite"",""certPath"":""/app/data/certs/root-ca.crt"",""keyPath"":""/app/data/certs/root-ca.key"",""cert_file_bytes"":1281,""key_file_bytes"":1705,""caStoragePath"":""/app/data/certs""}",info,"{""level"":""info""}","{""project"":""90a47e04-a329-4122-9c82-2ee75a4562c2"",""environment"":""f6319bd4-2e87-40d4-8547-4ce714038bc1"",""service"":""c236b8cb-3eff-45c5-aca0-23e73e33dc8d"",""deployment"":""a6bd896b-ce92-4f23-ba48-744194e620d7"",""replica"":""557c57ce-d06f-4e60-ae3c-60391ac47c2e""}",2026-09-13T17:08:58.314468802Z
"2026-09-13T17:08:57.316Z [[33mwarn[39m] Deprecated environment variable CONNECTION_POOL_MIN; use MONGODB_MIN_POOL_SIZE instead {""service"":""mqtt-publisher-lite""}",info,"{""level"":""info""}","{""project"":""90a47e04-a329-4122-9c82-2ee75a4562c2"",""environment"":""f6319bd4-2e87-40d4-8547-4ce714038bc1"",""service"":""c236b8cb-3eff-45c5-aca0-23e73e33dc8d"",""deployment"":""a6bd896b-ce92-4f23-ba48-744194e620d7"",""replica"":""557c57ce-d06f-4e60-ae3c-60391ac47c2e""}",2026-09-13T17:08:58.318609468Z
"2026-09-13T17:08:57.316Z [[33mwarn[39m] Deprecated environment variable METRICS_INTERVAL; use METRICS_INTERVAL_MS instead {""service"":""mqtt-publisher-lite""}",info,"{""level"":""info""}","{""project"":""90a47e04-a329-4122-9c82-2ee75a4562c2"",""environment"":""f6319bd4-2e87-40d4-8547-4ce714038bc1"",""service"":""c236b8cb-3eff-45c5-aca0-23e73e33dc8d"",""deployment"":""a6bd896b-ce92-4f23-ba48-744194e620d7"",""replica"":""557c57ce-d06f-4e60-ae3c-60391ac47c2e""}",2026-09-13T17:08:58.318616608Z
"2026-09-13T17:08:57.317Z [[32minfo[39m] Configuration loaded {""service"":""mqtt-publisher-lite"",""mqtt"":{""broker"":""broker.withproof.io"",""port"":8883,""topicPrefix"":"""",""authX509Only"":true,""mqttConnectUser"":""none (X.509 only)""},""http"":{""port"":8080},""provisioning"":{""enabled"":true,""tokenTTL"":6000,""caStoragePath"":""/app/data/certs""},""mongodb"":{""uri"":""***"",""dbName"":""proof""},""redis"":{""host"":""(via REDIS_URL)"",""port"":""(via REDIS_URL)"",""keyPrefix"":""proof-mqtt:""},""influxdb"":{""url"":""https://metrics.withproof.io"",""org"":""statsmqtt"",""bucket"":""metrics"",""complianceBucket"":""pki_compliance"",""diskQueue"":true,""diskQueueSync"":false,""diskQueuePath"":""/app/data/influx-write-queue.lines"",""token"":""(set)""},""env"":""development"",""logLevel"":""debug""}",info,"{""level"":""info""}","{""project"":""90a47e04-a329-4122-9c82-2ee75a4562c2"",""environment"":""f6319bd4-2e87-40d4-8547-4ce714038bc1"",""service"":""c236b8cb-3eff-45c5-aca0-23e73e33dc8d"",""deployment"":""a6bd896b-ce92-4f23-ba48-744194e620d7"",""replica"":""557c57ce-d06f-4e60-ae3c-60391ac47c2e""}",2026-09-13T17:08:58.318621438Z
"2026-09-13T17:08:57.317Z [[32minfo[39m] Configuration validated successfully {""service"":""mqtt-publisher-lite""}",info,"{""level"":""info""}","{""project"":""90a47e04-a329-4122-9c82-2ee75a4562c2"",""environment"":""f6319bd4-2e87-40d4-8547-4ce714038bc1"",""service"":""c236b8cb-3eff-45c5-aca0-23e73e33dc8d"",""deployment"":""a6bd896b-ce92-4f23-ba48-744194e620d7"",""replica"":""557c57ce-d06f-4e60-ae3c-60391ac47c2e""}",2026-09-13T17:08:58.318625908Z
"2026-09-13T17:08:57.317Z [[32minfo[39m] 🚀 Starting MQTT Publisher Lite... {""service"":""mqtt-publisher-lite""}",info,"{""level"":""info""}","{""project"":""90a47e04-a329-4122-9c82-2ee75a4562c2"",""environment"":""f6319bd4-2e87-40d4-8547-4ce714038bc1"",""service"":""c236b8cb-3eff-45c5-aca0-23e73e33dc8d"",""deployment"":""a6bd896b-ce92-4f23-ba48-744194e620d7"",""replica"":""557c57ce-d06f-4e60-ae3c-60391ac47c2e""}",2026-09-13T17:08:58.318630538Z
"2026-09-13T17:08:57.318Z [[32minfo[39m] ━━━━━━━━━━━━━━━━━━━━━━━━━━━━━━━━━━━━━━━━━━━━━━━━━━ {""service"":""mqtt-publisher-lite""}",info,"{""level"":""info""}","{""project"":""90a47e04-a329-4122-9c82-2ee75a4562c2"",""environment"":""f6319bd4-2e87-40d4-8547-4ce714038bc1"",""service"":""c236b8cb-3eff-45c5-aca0-23e73e33dc8d"",""deployment"":""a6bd896b-ce92-4f23-ba48-744194e620d7"",""replica"":""557c57ce-d06f-4e60-ae3c-60391ac47c2e""}",2026-09-13T17:08:58.318634628Z
"2026-09-13T17:08:57.318Z [[32minfo[39m] 🗃️  Initializing MongoDB (REQUIRED)... {""service"":""mqtt-publisher-lite""}",info,"{""level"":""info""}","{""project"":""90a47e04-a329-4122-9c82-2ee75a4562c2"",""environment"":""f6319bd4-2e87-40d4-8547-4ce714038bc1"",""service"":""c236b8cb-3eff-45c5-aca0-23e73e33dc8d"",""deployment"":""a6bd896b-ce92-4f23-ba48-744194e620d7"",""replica"":""557c57ce-d06f-4e60-ae3c-60391ac47c2e""}",2026-09-13T17:08:58.318638668Z
"2026-09-13T17:08:57.318Z [[32minfo[39m] Attempting MongoDB connection {""service"":""mqtt-publisher-lite"",""uri"":""mongodb+srv://cluster0.alo6dol.mongodb.net/proof?retryWrites=true&w=majority&tls=true"",""dbName"":""proof""}",info,"{""level"":""info""}","{""project"":""90a47e04-a329-4122-9c82-2ee75a4562c2"",""environment"":""f6319bd4-2e87-40d4-8547-4ce714038bc1"",""service"":""c236b8cb-3eff-45c5-aca0-23e73e33dc8d"",""deployment"":""a6bd896b-ce92-4f23-ba48-744194e620d7"",""replica"":""557c57ce-d06f-4e60-ae3c-60391ac47c2e""}",2026-09-13T17:08:58.318644118Z
"2026-09-13T17:08:58.627Z [[32minfo[39m] MongoDB connected successfully {""service"":""mqtt-publisher-lite"",""host"":""ac-pbngtkm-shard-00-00.alo6dol.mongodb.net"",""port"":27017,""name"":""proof"",""dbName"":""proof""}",info,"{""level"":""info""}","{""project"":""90a47e04-a329-4122-9c82-2ee75a4562c2"",""environment"":""f6319bd4-2e87-40d4-8547-4ce714038bc1"",""service"":""c236b8cb-3eff-45c5-aca0-23e73e33dc8d"",""deployment"":""a6bd896b-ce92-4f23-ba48-744194e620d7"",""replica"":""557c57ce-d06f-4e60-ae3c-60391ac47c2e""}",2026-09-13T17:08:58.679116671Z
"2026-09-13T17:08:58.628Z [[32minfo[39m] ✅ MongoDB connected successfully {""service"":""mqtt-publisher-lite"",""dbName"":""proof"",""mode"":""primary-database""}",info,"{""level"":""info""}","{""project"":""90a47e04-a329-4122-9c82-2ee75a4562c2"",""environment"":""f6319bd4-2e87-40d4-8547-4ce714038bc1"",""service"":""c236b8cb-3eff-45c5-aca0-23e73e33dc8d"",""deployment"":""a6bd896b-ce92-4f23-ba48-744194e620d7"",""replica"":""557c57ce-d06f-4e60-ae3c-60391ac47c2e""}",2026-09-13T17:08:58.679123381Z
"2026-09-13T17:08:58.628Z [[32minfo[39m] 💾 Initializing Redis (Token Persistence)... {""service"":""mqtt-publisher-lite""}",info,"{""level"":""info""}","{""project"":""90a47e04-a329-4122-9c82-2ee75a4562c2"",""environment"":""f6319bd4-2e87-40d4-8547-4ce714038bc1"",""service"":""c236b8cb-3eff-45c5-aca0-23e73e33dc8d"",""deployment"":""a6bd896b-ce92-4f23-ba48-744194e620d7"",""replica"":""557c57ce-d06f-4e60-ae3c-60391ac47c2e""}",2026-09-13T17:08:58.679127691Z
"2026-09-13T17:08:58.629Z [[34mdebug[39m] [Redis] createRedisService {""service"":""mqtt-publisher-lite"",""hasUrl"":true,""db"":0,""keyPrefix"":""proof-mqtt:""}",info,"{""level"":""info""}","{""project"":""90a47e04-a329-4122-9c82-2ee75a4562c2"",""environment"":""f6319bd4-2e87-40d4-8547-4ce714038bc1"",""service"":""c236b8cb-3eff-45c5-aca0-23e73e33dc8d"",""deployment"":""a6bd896b-ce92-4f23-ba48-744194e620d7"",""replica"":""557c57ce-d06f-4e60-ae3c-60391ac47c2e""}",2026-09-13T17:08:58.679143330Z
"2026-09-13T17:08:58.629Z [[34mdebug[39m] [Redis] constructor {""service"":""mqtt-publisher-lite"",""configured"":true,""db"":0,""keyPrefix"":""proof-mqtt:"",""since"":""2026-09-13T17:08:58.629Z""}",info,"{""level"":""info""}","{""project"":""90a47e04-a329-4122-9c82-2ee75a4562c2"",""environment"":""f6319bd4-2e87-40d4-8547-4ce714038bc1"",""service"":""c236b8cb-3eff-45c5-aca0-23e73e33dc8d"",""deployment"":""a6bd896b-ce92-4f23-ba48-744194e620d7"",""replica"":""557c57ce-d06f-4e60-ae3c-60391ac47c2e""}",2026-09-13T17:08:58.679146010Z
"2026-09-13T17:08:58.629Z [[34mdebug[39m] [Redis] isRedisConfigured exit {""service"":""mqtt-publisher-lite"",""configured"":true}",info,"{""level"":""info""}","{""project"":""90a47e04-a329-4122-9c82-2ee75a4562c2"",""environment"":""f6319bd4-2e87-40d4-8547-4ce714038bc1"",""service"":""c236b8cb-3eff-45c5-aca0-23e73e33dc8d"",""deployment"":""a6bd896b-ce92-4f23-ba48-744194e620d7"",""replica"":""557c57ce-d06f-4e60-ae3c-60391ac47c2e""}",2026-09-13T17:08:58.679148970Z
"2026-09-13T17:08:58.629Z [[34mdebug[39m] [Redis] connect enter {""service"":""mqtt-publisher-lite"",""alreadyConnected"":false}",info,"{""level"":""info""}","{""project"":""90a47e04-a329-4122-9c82-2ee75a4562c2"",""environment"":""f6319bd4-2e87-40d4-8547-4ce714038bc1"",""service"":""c236b8cb-3eff-45c5-aca0-23e73e33dc8d"",""deployment"":""a6bd896b-ce92-4f23-ba48-744194e620d7"",""replica"":""557c57ce-d06f-4e60-ae3c-60391ac47c2e""}",2026-09-13T17:08:58.679151730Z
"2026-09-13T17:08:58.630Z [[34mdebug[39m] [Redis] isRedisConfigured exit {""service"":""mqtt-publisher-lite"",""configured"":true}",info,"{""level"":""info""}","{""project"":""90a47e04-a329-4122-9c82-2ee75a4562c2"",""environment"":""f6319bd4-2e87-40d4-8547-4ce714038bc1"",""service"":""c236b8cb-3eff-45c5-aca0-23e73e33dc8d"",""deployment"":""a6bd896b-ce92-4f23-ba48-744194e620d7"",""replica"":""557c57ce-d06f-4e60-ae3c-60391ac47c2e""}",2026-09-13T17:08:58.679154380Z
"2026-09-13T17:08:58.630Z [[32minfo[39m] Connecting to Redis {""service"":""mqtt-publisher-lite"",""mode"":""url"",""host"":""sweeping-caiman-135118.upstash.io"",""port"":6379,""db"":0,""tls"":true}",info,"{""level"":""info""}","{""project"":""90a47e04-a329-4122-9c82-2ee75a4562c2"",""environment"":""f6319bd4-2e87-40d4-8547-4ce714038bc1"",""service"":""c236b8cb-3eff-45c5-aca0-23e73e33dc8d"",""deployment"":""a6bd896b-ce92-4f23-ba48-744194e620d7"",""replica"":""557c57ce-d06f-4e60-ae3c-60391ac47c2e""}",2026-09-13T17:08:58.679156740Z
"2026-09-13T17:08:58.632Z [[34mdebug[39m] [Redis] setupEventHandlers enter {""service"":""mqtt-publisher-lite""}",info,"{""level"":""info""}","{""project"":""90a47e04-a329-4122-9c82-2ee75a4562c2"",""environment"":""f6319bd4-2e87-40d4-8547-4ce714038bc1"",""service"":""c236b8cb-3eff-45c5-aca0-23e73e33dc8d"",""deployment"":""a6bd896b-ce92-4f23-ba48-744194e620d7"",""replica"":""557c57ce-d06f-4e60-ae3c-60391ac47c2e""}",2026-09-13T17:08:58.679159790Z
"2026-09-13T17:08:58.632Z [[34mdebug[39m] [Redis] setupEventHandlers exit {""service"":""mqtt-publisher-lite""}",info,"{""level"":""info""}","{""project"":""90a47e04-a329-4122-9c82-2ee75a4562c2"",""environment"":""f6319bd4-2e87-40d4-8547-4ce714038bc1"",""service"":""c236b8cb-3eff-45c5-aca0-23e73e33dc8d"",""deployment"":""a6bd896b-ce92-4f23-ba48-744194e620d7"",""replica"":""557c57ce-d06f-4e60-ae3c-60391ac47c2e""}",2026-09-13T17:08:58.679162690Z
"2026-09-13T17:08:58.686Z [[32minfo[39m] [Redis] event:connect {""service"":""mqtt-publisher-lite""}",info,"{""level"":""info""}","{""project"":""90a47e04-a329-4122-9c82-2ee75a4562c2"",""environment"":""f6319bd4-2e87-40d4-8547-4ce714038bc1"",""service"":""c236b8cb-3eff-45c5-aca0-23e73e33dc8d"",""deployment"":""a6bd896b-ce92-4f23-ba48-744194e620d7"",""replica"":""557c57ce-d06f-4e60-ae3c-60391ac47c2e""}",2026-09-13T17:08:58.689038574Z
"2026-09-13T17:08:59.086Z [[32minfo[39m] [Redis] event:ready {""service"":""mqtt-publisher-lite""}",info,"{""level"":""info""}","{""project"":""90a47e04-a329-4122-9c82-2ee75a4562c2"",""environment"":""f6319bd4-2e87-40d4-8547-4ce714038bc1"",""service"":""c236b8cb-3eff-45c5-aca0-23e73e33dc8d"",""deployment"":""a6bd896b-ce92-4f23-ba48-744194e620d7"",""replica"":""557c57ce-d06f-4e60-ae3c-60391ac47c2e""}",2026-09-13T17:08:59.087038470Z
"2026-09-13T17:08:59.086Z [[32minfo[39m] ✅ Redis connected successfully {""service"":""mqtt-publisher-lite"",""keyPrefix"":""proof-mqtt:""}",info,"{""level"":""info""}","{""project"":""90a47e04-a329-4122-9c82-2ee75a4562c2"",""environment"":""f6319bd4-2e87-40d4-8547-4ce714038bc1"",""service"":""c236b8cb-3eff-45c5-aca0-23e73e33dc8d"",""deployment"":""a6bd896b-ce92-4f23-ba48-744194e620d7"",""replica"":""557c57ce-d06f-4e60-ae3c-60391ac47c2e""}",2026-09-13T17:08:59.087042280Z
"2026-09-13T17:08:59.086Z [[34mdebug[39m] [Redis] connect exit {""service"":""mqtt-publisher-lite"",""alreadyConnected"":false,""durationMs"":457}",info,"{""level"":""info""}","{""project"":""90a47e04-a329-4122-9c82-2ee75a4562c2"",""environment"":""f6319bd4-2e87-40d4-8547-4ce714038bc1"",""service"":""c236b8cb-3eff-45c5-aca0-23e73e33dc8d"",""deployment"":""a6bd896b-ce92-4f23-ba48-744194e620d7"",""replica"":""557c57ce-d06f-4e60-ae3c-60391ac47c2e""}",2026-09-13T17:08:59.087054020Z
"2026-09-13T17:08:59.086Z [[32minfo[39m] ✅ Redis connected successfully {""service"":""mqtt-publisher-lite"",""keyPrefix"":""proof-mqtt:"",""mode"":""cloud-persistent""}",info,"{""level"":""info""}","{""project"":""90a47e04-a329-4122-9c82-2ee75a4562c2"",""environment"":""f6319bd4-2e87-40d4-8547-4ce714038bc1"",""service"":""c236b8cb-3eff-45c5-aca0-23e73e33dc8d"",""deployment"":""a6bd896b-ce92-4f23-ba48-744194e620d7"",""replica"":""557c57ce-d06f-4e60-ae3c-60391ac47c2e""}",2026-09-13T17:08:59.087057190Z
"2026-09-13T17:08:59.225Z [[32minfo[39m] [DEVICE_HASH_MIGRATION] Startup sweep complete {""service"":""mqtt-publisher-lite"",""migrated"":0}",info,"{""level"":""info""}","{""project"":""90a47e04-a329-4122-9c82-2ee75a4562c2"",""environment"":""f6319bd4-2e87-40d4-8547-4ce714038bc1"",""service"":""c236b8cb-3eff-45c5-aca0-23e73e33dc8d"",""deployment"":""a6bd896b-ce92-4f23-ba48-744194e620d7"",""replica"":""557c57ce-d06f-4e60-ae3c-60391ac47c2e""}",2026-09-13T17:08:59.227099271Z
"2026-09-13T17:08:59.226Z [[32minfo[39m] 📦 Initializing services... {""service"":""mqtt-publisher-lite""}",info,"{""level"":""info""}","{""project"":""90a47e04-a329-4122-9c82-2ee75a4562c2"",""environment"":""f6319bd4-2e87-40d4-8547-4ce714038bc1"",""service"":""c236b8cb-3eff-45c5-aca0-23e73e33dc8d"",""deployment"":""a6bd896b-ce92-4f23-ba48-744194e620d7"",""replica"":""557c57ce-d06f-4e60-ae3c-60391ac47c2e""}",2026-09-13T17:08:59.227104191Z
"2026-09-13T17:08:59.226Z [[32minfo[39m] SessionService initialized (in-memory) {""service"":""mqtt-publisher-lite"",""sessionTTL"":""86400s""}",info,"{""level"":""info""}","{""project"":""90a47e04-a329-4122-9c82-2ee75a4562c2"",""environment"":""f6319bd4-2e87-40d4-8547-4ce714038bc1"",""service"":""c236b8cb-3eff-45c5-aca0-23e73e33dc8d"",""deployment"":""a6bd896b-ce92-4f23-ba48-744194e620d7"",""replica"":""557c57ce-d06f-4e60-ae3c-60391ac47c2e""}",2026-09-13T17:08:59.227107301Z
"2026-09-13T17:08:59.226Z [[32minfo[39m] DeviceService initialized (MongoDB) {""service"":""mqtt-publisher-lite"",""cleanupInterval"":""3600s""}",info,"{""level"":""info""}","{""project"":""90a47e04-a329-4122-9c82-2ee75a4562c2"",""environment"":""f6319bd4-2e87-40d4-8547-4ce714038bc1"",""service"":""c236b8cb-3eff-45c5-aca0-23e73e33dc8d"",""deployment"":""a6bd896b-ce92-4f23-ba48-744194e620d7"",""replica"":""557c57ce-d06f-4e60-ae3c-60391ac47c2e""}",2026-09-13T17:08:59.227476874Z
"2026-09-13T17:08:59.226Z [[32minfo[39m] Device cleanup task started {""service"":""mqtt-publisher-lite""}",info,"{""level"":""info""}","{""project"":""90a47e04-a329-4122-9c82-2ee75a4562c2"",""environment"":""f6319bd4-2e87-40d4-8547-4ce714038bc1"",""service"":""c236b8cb-3eff-45c5-aca0-23e73e33dc8d"",""deployment"":""a6bd896b-ce92-4f23-ba48-744194e620d7"",""replica"":""557c57ce-d06f-4e60-ae3c-60391ac47c2e""}",2026-09-13T17:08:59.227480254Z
"2026-09-13T17:08:59.226Z [[32minfo[39m] ✅ Active device cache initialized (local + Redis restore on MQTT ready) {""service"":""mqtt-publisher-lite""}",info,"{""level"":""info""}","{""project"":""90a47e04-a329-4122-9c82-2ee75a4562c2"",""environment"":""f6319bd4-2e87-40d4-8547-4ce714038bc1"",""service"":""c236b8cb-3eff-45c5-aca0-23e73e33dc8d"",""deployment"":""a6bd896b-ce92-4f23-ba48-744194e620d7"",""replica"":""557c57ce-d06f-4e60-ae3c-60391ac47c2e""}",2026-09-13T17:08:59.227482764Z
"2026-09-13T17:08:59.227Z [[32minfo[39m] ✅ Services initialized {""service"":""mqtt-publisher-lite""}",info,"{""level"":""info""}","{""project"":""90a47e04-a329-4122-9c82-2ee75a4562c2"",""environment"":""f6319bd4-2e87-40d4-8547-4ce714038bc1"",""service"":""c236b8cb-3eff-45c5-aca0-23e73e33dc8d"",""deployment"":""a6bd896b-ce92-4f23-ba48-744194e620d7"",""replica"":""557c57ce-d06f-4e60-ae3c-60391ac47c2e""}",2026-09-13T17:08:59.227485904Z
"2026-09-13T17:08:59.227Z [[32minfo[39m] 📡 Initializing MQTT client... {""service"":""mqtt-publisher-lite""}",info,"{""level"":""info""}","{""project"":""90a47e04-a329-4122-9c82-2ee75a4562c2"",""environment"":""f6319bd4-2e87-40d4-8547-4ce714038bc1"",""service"":""c236b8cb-3eff-45c5-aca0-23e73e33dc8d"",""deployment"":""a6bd896b-ce92-4f23-ba48-744194e620d7"",""replica"":""557c57ce-d06f-4e60-ae3c-60391ac47c2e""}",2026-09-13T17:08:59.227488394Z
"2026-09-13T17:08:59.582Z [[32minfo[39m] Broker DNS resolved {""service"":""mqtt-publisher-lite"",""broker"":""broker.withproof.io"",""address"":""129.154.36.219""}",info,"{""level"":""info""}","{""project"":""90a47e04-a329-4122-9c82-2ee75a4562c2"",""environment"":""f6319bd4-2e87-40d4-8547-4ce714038bc1"",""service"":""c236b8cb-3eff-45c5-aca0-23e73e33dc8d"",""deployment"":""a6bd896b-ce92-4f23-ba48-744194e620d7"",""replica"":""557c57ce-d06f-4e60-ae3c-60391ac47c2e""}",2026-09-13T17:08:59.592908980Z
"2026-09-13T17:08:59.582Z [[32minfo[39m] MQTT TLS pre-check: TCP host differs from cert SNI {""service"":""mqtt-publisher-lite"",""broker"":""broker.withproof.io"",""servername"":""nanomq-broker""}",info,"{""level"":""info""}","{""project"":""90a47e04-a329-4122-9c82-2ee75a4562c2"",""environment"":""f6319bd4-2e87-40d4-8547-4ce714038bc1"",""service"":""c236b8cb-3eff-45c5-aca0-23e73e33dc8d"",""deployment"":""a6bd896b-ce92-4f23-ba48-744194e620d7"",""replica"":""557c57ce-d06f-4e60-ae3c-60391ac47c2e""}",2026-09-13T17:08:59.592913180Z
"2026-09-13T17:08:59.582Z [[32minfo[39m] MQTT TLS pre-check {""service"":""mqtt-publisher-lite"",""broker"":""broker.withproof.io"",""port"":8883,""servername"":""nanomq-broker"",""mTLS"":true}",info,"{""level"":""info""}","{""project"":""90a47e04-a329-4122-9c82-2ee75a4562c2"",""environment"":""f6319bd4-2e87-40d4-8547-4ce714038bc1"",""service"":""c236b8cb-3eff-45c5-aca0-23e73e33dc8d"",""deployment"":""a6bd896b-ce92-4f23-ba48-744194e620d7"",""replica"":""557c57ce-d06f-4e60-ae3c-60391ac47c2e""}",2026-09-13T17:08:59.592917480Z
"2026-09-13T17:09:00.174Z [[32minfo[39m] TLS handshake succeeded {""service"":""mqtt-publisher-lite"",""broker"":""broker.withproof.io"",""protocol"":""TLSv1.2"",""cipher"":""ECDHE-RSA-CHACHA20-POLY1305"",""subject"":{""CN"":""broker.withproof.io"",""O"":""Proof""}}",info,"{""level"":""info""}","{""project"":""90a47e04-a329-4122-9c82-2ee75a4562c2"",""environment"":""f6319bd4-2e87-40d4-8547-4ce714038bc1"",""service"":""c236b8cb-3eff-45c5-aca0-23e73e33dc8d"",""deployment"":""a6bd896b-ce92-4f23-ba48-744194e620d7"",""replica"":""557c57ce-d06f-4e60-ae3c-60391ac47c2e""}",2026-09-13T17:09:00.176924440Z
"2026-09-13T17:09:00.176Z [[32minfo[39m] Connecting to MQTT broker... {""service"":""mqtt-publisher-lite"",""broker"":""broker.withproof.io"",""connectHost"":""129.154.36.219"",""port"":8883,""tlsServername"":""nanomq-broker"",""clientId"":""proof-server-dev-2"",""caPemBytes"":1261,""clientCertPemBytes"":1407,""mqttAuth"":""X.509 only (no CONNECT username/password)""}",info,"{""level"":""info""}","{""project"":""90a47e04-a329-4122-9c82-2ee75a4562c2"",""environment"":""f6319bd4-2e87-40d4-8547-4ce714038bc1"",""service"":""c236b8cb-3eff-45c5-aca0-23e73e33dc8d"",""deployment"":""a6bd896b-ce92-4f23-ba48-744194e620d7"",""replica"":""557c57ce-d06f-4e60-ae3c-60391ac47c2e""}",2026-09-13T17:09:00.176929730Z
"2026-09-13T17:09:00.916Z [[32minfo[39m] Connected to MQTT broker {""service"":""mqtt-publisher-lite"",""broker"":""broker.withproof.io"",""clientId"":""proof-server-dev-2"",""reconnect"":false}",info,"{""level"":""info""}","{""project"":""90a47e04-a329-4122-9c82-2ee75a4562c2"",""environment"":""f6319bd4-2e87-40d4-8547-4ce714038bc1"",""service"":""c236b8cb-3eff-45c5-aca0-23e73e33dc8d"",""deployment"":""a6bd896b-ce92-4f23-ba48-744194e620d7"",""replica"":""557c57ce-d06f-4e60-ae3c-60391ac47c2e""}",2026-09-13T17:09:00.946432684Z
"2026-09-13T17:09:00.916Z [[32minfo[39m] ✅ MQTT client initialized with QoS 1 tracking {""service"":""mqtt-publisher-lite""}",info,"{""level"":""info""}","{""project"":""90a47e04-a329-4122-9c82-2ee75a4562c2"",""environment"":""f6319bd4-2e87-40d4-8547-4ce714038bc1"",""service"":""c236b8cb-3eff-45c5-aca0-23e73e33dc8d"",""deployment"":""a6bd896b-ce92-4f23-ba48-744194e620d7"",""replica"":""557c57ce-d06f-4e60-ae3c-60391ac47c2e""}",2026-09-13T17:09:00.946437174Z
"2026-09-13T17:09:01.087Z [[32minfo[39m] Subscribed to topic {""service"":""mqtt-publisher-lite"",""topic"":""proof.mqtt/+/active""}",info,"{""level"":""info""}","{""project"":""90a47e04-a329-4122-9c82-2ee75a4562c2"",""environment"":""f6319bd4-2e87-40d4-8547-4ce714038bc1"",""service"":""c236b8cb-3eff-45c5-aca0-23e73e33dc8d"",""deployment"":""a6bd896b-ce92-4f23-ba48-744194e620d7"",""replica"":""557c57ce-d06f-4e60-ae3c-60391ac47c2e""}",2026-09-13T17:09:01.091845900Z
"2026-09-13T17:09:01.255Z [[32minfo[39m] Subscribed to topic {""service"":""mqtt-publisher-lite"",""topic"":""proof.mqtt/+/lwt""}",info,"{""level"":""info""}","{""project"":""90a47e04-a329-4122-9c82-2ee75a4562c2"",""environment"":""f6319bd4-2e87-40d4-8547-4ce714038bc1"",""service"":""c236b8cb-3eff-45c5-aca0-23e73e33dc8d"",""deployment"":""a6bd896b-ce92-4f23-ba48-744194e620d7"",""replica"":""557c57ce-d06f-4e60-ae3c-60391ac47c2e""}",2026-09-13T17:09:01.353527999Z
"2026-09-13T17:09:01.255Z [[32minfo[39m] Subscribed to lifecycle topics {""service"":""mqtt-publisher-lite"",""topics"":[""proof.mqtt/+/active"",""proof.mqtt/+/lwt""],""root"":""proof.mqtt""}",info,"{""level"":""info""}","{""project"":""90a47e04-a329-4122-9c82-2ee75a4562c2"",""environment"":""f6319bd4-2e87-40d4-8547-4ce714038bc1"",""service"":""c236b8cb-3eff-45c5-aca0-23e73e33dc8d"",""deployment"":""a6bd896b-ce92-4f23-ba48-744194e620d7"",""replica"":""557c57ce-d06f-4e60-ae3c-60391ac47c2e""}",2026-09-13T17:09:01.353531059Z
"2026-09-13T17:09:01.428Z [[32minfo[39m] Subscribed to topic {""service"":""mqtt-publisher-lite"",""topic"":""proof.mqtt/+/status""}",info,"{""level"":""info""}","{""project"":""90a47e04-a329-4122-9c82-2ee75a4562c2"",""environment"":""f6319bd4-2e87-40d4-8547-4ce714038bc1"",""service"":""c236b8cb-3eff-45c5-aca0-23e73e33dc8d"",""deployment"":""a6bd896b-ce92-4f23-ba48-744194e620d7"",""replica"":""557c57ce-d06f-4e60-ae3c-60391ac47c2e""}",2026-09-13T17:09:01.489506861Z
"2026-09-13T17:09:01.596Z [[32minfo[39m] Subscribed to topic {""service"":""mqtt-publisher-lite"",""topic"":""proof.mqtt/+/telemetry""}",info,"{""level"":""info""}","{""project"":""90a47e04-a329-4122-9c82-2ee75a4562c2"",""environment"":""f6319bd4-2e87-40d4-8547-4ce714038bc1"",""service"":""c236b8cb-3eff-45c5-aca0-23e73e33dc8d"",""deployment"":""a6bd896b-ce92-4f23-ba48-744194e620d7"",""replica"":""557c57ce-d06f-4e60-ae3c-60391ac47c2e""}",2026-09-13T17:09:01.601544371Z
"2026-09-13T17:09:01.764Z [[32minfo[39m] Subscribed to topic {""service"":""mqtt-publisher-lite"",""topic"":""proof.mqtt/+/instagram""}",info,"{""level"":""info""}","{""project"":""90a47e04-a329-4122-9c82-2ee75a4562c2"",""environment"":""f6319bd4-2e87-40d4-8547-4ce714038bc1"",""service"":""c236b8cb-3eff-45c5-aca0-23e73e33dc8d"",""deployment"":""a6bd896b-ce92-4f23-ba48-744194e620d7"",""replica"":""557c57ce-d06f-4e60-ae3c-60391ac47c2e""}",2026-09-13T17:09:01.765869649Z
"2026-09-13T17:09:01.932Z [[32minfo[39m] Subscribed to topic {""service"":""mqtt-publisher-lite"",""topic"":""proof.mqtt/+/gmb""}",info,"{""level"":""info""}","{""project"":""90a47e04-a329-4122-9c82-2ee75a4562c2"",""environment"":""f6319bd4-2e87-40d4-8547-4ce714038bc1"",""service"":""c236b8cb-3eff-45c5-aca0-23e73e33dc8d"",""deployment"":""a6bd896b-ce92-4f23-ba48-744194e620d7"",""replica"":""557c57ce-d06f-4e60-ae3c-60391ac47c2e""}",2026-09-13T17:09:01.947314485Z
"2026-09-13T17:09:02.100Z [[32minfo[39m] Subscribed to topic {""service"":""mqtt-publisher-lite"",""topic"":""proof.mqtt/+/promotion""}",info,"{""level"":""info""}","{""project"":""90a47e04-a329-4122-9c82-2ee75a4562c2"",""environment"":""f6319bd4-2e87-40d4-8547-4ce714038bc1"",""service"":""c236b8cb-3eff-45c5-aca0-23e73e33dc8d"",""deployment"":""a6bd896b-ce92-4f23-ba48-744194e620d7"",""replica"":""557c57ce-d06f-4e60-ae3c-60391ac47c2e""}",2026-09-13T17:09:02.124262240Z
"2026-09-13T17:09:02.101Z [[32minfo[39m] Subscribed to non-lifecycle proof.mqtt topics {""service"":""mqtt-publisher-lite"",""count"":5,""root"":""proof.mqtt""}",info,"{""level"":""info""}","{""project"":""90a47e04-a329-4122-9c82-2ee75a4562c2"",""environment"":""f6319bd4-2e87-40d4-8547-4ce714038bc1"",""service"":""c236b8cb-3eff-45c5-aca0-23e73e33dc8d"",""deployment"":""a6bd896b-ce92-4f23-ba48-744194e620d7"",""replica"":""557c57ce-d06f-4e60-ae3c-60391ac47c2e""}",2026-09-13T17:09:02.124266470Z
"2026-09-13T17:09:02.269Z [[32minfo[39m] Subscribed to topic {""service"":""mqtt-publisher-lite"",""topic"":""proof.mqtt/+/ack""}",info,"{""level"":""info""}","{""project"":""90a47e04-a329-4122-9c82-2ee75a4562c2"",""environment"":""f6319bd4-2e87-40d4-8547-4ce714038bc1"",""service"":""c236b8cb-3eff-45c5-aca0-23e73e33dc8d"",""deployment"":""a6bd896b-ce92-4f23-ba48-744194e620d7"",""replica"":""557c57ce-d06f-4e60-ae3c-60391ac47c2e""}",2026-09-13T17:09:02.350711955Z
"2026-09-13T17:09:02.269Z [[32minfo[39m] Subscribed to loyalty ack topic {""service"":""mqtt-publisher-lite"",""topic"":""proof.mqtt/+/ack""}",info,"{""level"":""info""}","{""project"":""90a47e04-a329-4122-9c82-2ee75a4562c2"",""environment"":""f6319bd4-2e87-40d4-8547-4ce714038bc1"",""service"":""c236b8cb-3eff-45c5-aca0-23e73e33dc8d"",""deployment"":""a6bd896b-ce92-4f23-ba48-744194e620d7"",""replica"":""557c57ce-d06f-4e60-ae3c-60391ac47c2e""}",2026-09-13T17:09:02.350719895Z
"2026-09-13T17:09:02.269Z [[32minfo[39m] 🟢 MQTT ingress ready — accepting device connections {""service"":""mqtt-publisher-lite""}",info,"{""level"":""info""}","{""project"":""90a47e04-a329-4122-9c82-2ee75a4562c2"",""environment"":""f6319bd4-2e87-40d4-8547-4ce714038bc1"",""service"":""c236b8cb-3eff-45c5-aca0-23e73e33dc8d"",""deployment"":""a6bd896b-ce92-4f23-ba48-744194e620d7"",""replica"":""557c57ce-d06f-4e60-ae3c-60391ac47c2e""}",2026-09-13T17:09:02.350723725Z
"2026-09-13T17:09:02.269Z [[34mdebug[39m] [Redis] isRedisConnected result {""service"":""mqtt-publisher-lite"",""connected"":true,""isConnectedFlag"":true,""clientOpen"":true}",info,"{""level"":""info""}","{""project"":""90a47e04-a329-4122-9c82-2ee75a4562c2"",""environment"":""f6319bd4-2e87-40d4-8547-4ce714038bc1"",""service"":""c236b8cb-3eff-45c5-aca0-23e73e33dc8d"",""deployment"":""a6bd896b-ce92-4f23-ba48-744194e620d7"",""replica"":""557c57ce-d06f-4e60-ae3c-60391ac47c2e""}",2026-09-13T17:09:02.350726975Z
"2026-09-13T17:09:02.410Z [[32minfo[39m] [STARTUP_CACHE] Restored active devices from Redis {""service"":""mqtt-publisher-lite"",""redisActiveCount"":0,""hydrated"":0,""localActiveCount"":0}",info,"{""level"":""info""}","{""project"":""90a47e04-a329-4122-9c82-2ee75a4562c2"",""environment"":""f6319bd4-2e87-40d4-8547-4ce714038bc1"",""service"":""c236b8cb-3eff-45c5-aca0-23e73e33dc8d"",""deployment"":""a6bd896b-ce92-4f23-ba48-744194e620d7"",""replica"":""557c57ce-d06f-4e60-ae3c-60391ac47c2e""}",2026-09-13T17:09:02.422575378Z
"2026-09-13T17:09:02.411Z [[32minfo[39m] [STARTUP_CACHE] Startup cache republish complete {""service"":""mqtt-publisher-lite"",""deviceCount"":0,""igPublished"":0,""gmbPublished"":0,""loyaltyPublished"":0}",info,"{""level"":""info""}","{""project"":""90a47e04-a329-4122-9c82-2ee75a4562c2"",""environment"":""f6319bd4-2e87-40d4-8547-4ce714038bc1"",""service"":""c236b8cb-3eff-45c5-aca0-23e73e33dc8d"",""deployment"":""a6bd896b-ce92-4f23-ba48-744194e620d7"",""replica"":""557c57ce-d06f-4e60-ae3c-60391ac47c2e""}",2026-09-13T17:09:02.422583948Z
"2026-09-13T17:09:02.411Z [[32minfo[39m] 📈 Initializing InfluxDB... {""service"":""mqtt-publisher-lite""}",info,"{""level"":""info""}","{""project"":""90a47e04-a329-4122-9c82-2ee75a4562c2"",""environment"":""f6319bd4-2e87-40d4-8547-4ce714038bc1"",""service"":""c236b8cb-3eff-45c5-aca0-23e73e33dc8d"",""deployment"":""a6bd896b-ce92-4f23-ba48-744194e620d7"",""replica"":""557c57ce-d06f-4e60-ae3c-60391ac47c2e""}",2026-09-13T17:09:02.422589678Z
"2026-09-13T17:09:02.413Z [[32minfo[39m] [INFLUX_QUEUE] Disk queue started {""service"":""mqtt-publisher-lite"",""path"":""/app/data/influx-write-queue.lines.metrics"",""flushMs"":5000,""batchMax"":500,""syncOnAppend"":false}",info,"{""level"":""info""}","{""project"":""90a47e04-a329-4122-9c82-2ee75a4562c2"",""environment"":""f6319bd4-2e87-40d4-8547-4ce714038bc1"",""service"":""c236b8cb-3eff-45c5-aca0-23e73e33dc8d"",""deployment"":""a6bd896b-ce92-4f23-ba48-744194e620d7"",""replica"":""557c57ce-d06f-4e60-ae3c-60391ac47c2e""}",2026-09-13T17:09:02.422593258Z
"2026-09-13T17:09:02.413Z [[32minfo[39m] [INFLUX_QUEUE] Disk queue started {""service"":""mqtt-publisher-lite"",""path"":""/app/data/influx-write-queue.lines.compliance"",""flushMs"":5000,""batchMax"":500,""syncOnAppend"":true}",info,"{""level"":""info""}","{""project"":""90a47e04-a329-4122-9c82-2ee75a4562c2"",""environment"":""f6319bd4-2e87-40d4-8547-4ce714038bc1"",""service"":""c236b8cb-3eff-45c5-aca0-23e73e33dc8d"",""deployment"":""a6bd896b-ce92-4f23-ba48-744194e620d7"",""replica"":""557c57ce-d06f-4e60-ae3c-60391ac47c2e""}",2026-09-13T17:09:02.422607567Z
"2026-09-13T17:09:02.413Z [[32minfo[39m] [INFLUX_QUEUE] syncOnAppend=true (fsync per append) {""service"":""mqtt-publisher-lite""}",info,"{""level"":""info""}","{""project"":""90a47e04-a329-4122-9c82-2ee75a4562c2"",""environment"":""f6319bd4-2e87-40d4-8547-4ce714038bc1"",""service"":""c236b8cb-3eff-45c5-aca0-23e73e33dc8d"",""deployment"":""a6bd896b-ce92-4f23-ba48-744194e620d7"",""replica"":""557c57ce-d06f-4e60-ae3c-60391ac47c2e""}",2026-09-13T17:09:02.422611867Z
"2026-09-13T17:09:02.414Z [[32minfo[39m] ━━━━━━━━━━━━━━━━━━━━━━━━━━━━━━━━━━━━━━━━━━━━━━━━━━ {""service"":""mqtt-publisher-lite""}",info,"{""level"":""info""}","{""project"":""90a47e04-a329-4122-9c82-2ee75a4562c2"",""environment"":""f6319bd4-2e87-40d4-8547-4ce714038bc1"",""service"":""c236b8cb-3eff-45c5-aca0-23e73e33dc8d"",""deployment"":""a6bd896b-ce92-4f23-ba48-744194e620d7"",""replica"":""557c57ce-d06f-4e60-ae3c-60391ac47c2e""}",2026-09-13T17:09:02.422615447Z
"2026-09-13T17:09:02.414Z [[32minfo[39m] ✅ MQTT Publisher Lite ingress started (Phase 2 warming up) {""service"":""mqtt-publisher-lite""}",info,"{""level"":""info""}","{""project"":""90a47e04-a329-4122-9c82-2ee75a4562c2"",""environment"":""f6319bd4-2e87-40d4-8547-4ce714038bc1"",""service"":""c236b8cb-3eff-45c5-aca0-23e73e33dc8d"",""deployment"":""a6bd896b-ce92-4f23-ba48-744194e620d7"",""replica"":""557c57ce-d06f-4e60-ae3c-60391ac47c2e""}",2026-09-13T17:09:02.422619117Z
"2026-09-13T17:09:02.414Z [[32minfo[39m]  {""service"":""mqtt-publisher-lite""}",info,"{""level"":""info""}","{""project"":""90a47e04-a329-4122-9c82-2ee75a4562c2"",""environment"":""f6319bd4-2e87-40d4-8547-4ce714038bc1"",""service"":""c236b8cb-3eff-45c5-aca0-23e73e33dc8d"",""deployment"":""a6bd896b-ce92-4f23-ba48-744194e620d7"",""replica"":""557c57ce-d06f-4e60-ae3c-60391ac47c2e""}",2026-09-13T17:09:02.422622977Z
"2026-09-13T17:09:02.414Z [[32minfo[39m] 📡 MQTT Broker: {""service"":""mqtt-publisher-lite""}",info,"{""level"":""info""}","{""project"":""90a47e04-a329-4122-9c82-2ee75a4562c2"",""environment"":""f6319bd4-2e87-40d4-8547-4ce714038bc1"",""service"":""c236b8cb-3eff-45c5-aca0-23e73e33dc8d"",""deployment"":""a6bd896b-ce92-4f23-ba48-744194e620d7"",""replica"":""557c57ce-d06f-4e60-ae3c-60391ac47c2e""}",2026-09-13T17:09:02.422626907Z
"2026-09-13T17:09:02.414Z [[32minfo[39m] 🌐 HTTP API: {""service"":""mqtt-publisher-lite""}",info,"{""level"":""info""}","{""project"":""90a47e04-a329-4122-9c82-2ee75a4562c2"",""environment"":""f6319bd4-2e87-40d4-8547-4ce714038bc1"",""service"":""c236b8cb-3eff-45c5-aca0-23e73e33dc8d"",""deployment"":""a6bd896b-ce92-4f23-ba48-744194e620d7"",""replica"":""557c57ce-d06f-4e60-ae3c-60391ac47c2e""}",2026-09-13T17:09:02.422630067Z
"2026-09-13T17:09:02.414Z [[32minfo[39m] 📂 Data Directory: {""service"":""mqtt-publisher-lite""}",info,"{""level"":""info""}","{""project"":""90a47e04-a329-4122-9c82-2ee75a4562c2"",""environment"":""f6319bd4-2e87-40d4-8547-4ce714038bc1"",""service"":""c236b8cb-3eff-45c5-aca0-23e73e33dc8d"",""deployment"":""a6bd896b-ce92-4f23-ba48-744194e620d7"",""replica"":""557c57ce-d06f-4e60-ae3c-60391ac47c2e""}",2026-09-13T17:09:02.426168894Z
"2026-09-13T17:09:02.414Z [[32minfo[39m] 🗃️  MongoDB: {""service"":""mqtt-publisher-lite""}",info,"{""level"":""info""}","{""project"":""90a47e04-a329-4122-9c82-2ee75a4562c2"",""environment"":""f6319bd4-2e87-40d4-8547-4ce714038bc1"",""service"":""c236b8cb-3eff-45c5-aca0-23e73e33dc8d"",""deployment"":""a6bd896b-ce92-4f23-ba48-744194e620d7"",""replica"":""557c57ce-d06f-4e60-ae3c-60391ac47c2e""}",2026-09-13T17:09:02.426175524Z
"2026-09-13T17:09:02.414Z [[32minfo[39m] 💾 Redis: {""service"":""mqtt-publisher-lite""}",info,"{""level"":""info""}","{""project"":""90a47e04-a329-4122-9c82-2ee75a4562c2"",""environment"":""f6319bd4-2e87-40d4-8547-4ce714038bc1"",""service"":""c236b8cb-3eff-45c5-aca0-23e73e33dc8d"",""deployment"":""a6bd896b-ce92-4f23-ba48-744194e620d7"",""replica"":""557c57ce-d06f-4e60-ae3c-60391ac47c2e""}",2026-09-13T17:09:02.426179384Z
"2026-09-13T17:09:02.414Z [[32minfo[39m] 🔐 Provisioning API: {""service"":""mqtt-publisher-lite""}",info,"{""level"":""info""}","{""project"":""90a47e04-a329-4122-9c82-2ee75a4562c2"",""environment"":""f6319bd4-2e87-40d4-8547-4ce714038bc1"",""service"":""c236b8cb-3eff-45c5-aca0-23e73e33dc8d"",""deployment"":""a6bd896b-ce92-4f23-ba48-744194e620d7"",""replica"":""557c57ce-d06f-4e60-ae3c-60391ac47c2e""}",2026-09-13T17:09:02.426183444Z
"2026-09-13T17:09:02.414Z [[32minfo[39m]  {""service"":""mqtt-publisher-lite""}",info,"{""level"":""info""}","{""project"":""90a47e04-a329-4122-9c82-2ee75a4562c2"",""environment"":""f6319bd4-2e87-40d4-8547-4ce714038bc1"",""service"":""c236b8cb-3eff-45c5-aca0-23e73e33dc8d"",""deployment"":""a6bd896b-ce92-4f23-ba48-744194e620d7"",""replica"":""557c57ce-d06f-4e60-ae3c-60391ac47c2e""}",2026-09-13T17:09:02.426187104Z
"2026-09-13T17:09:02.414Z [[32minfo[39m] Ready for firmware testing! 🎯 {""service"":""mqtt-publisher-lite""}",info,"{""level"":""info""}","{""project"":""90a47e04-a329-4122-9c82-2ee75a4562c2"",""environment"":""f6319bd4-2e87-40d4-8547-4ce714038bc1"",""service"":""c236b8cb-3eff-45c5-aca0-23e73e33dc8d"",""deployment"":""a6bd896b-ce92-4f23-ba48-744194e620d7"",""replica"":""557c57ce-d06f-4e60-ae3c-60391ac47c2e""}",2026-09-13T17:09:02.426190244Z
"2026-09-13T17:09:02.414Z [[32minfo[39m] ━━━━━━━━━━━━━━━━━━━━━━━━━━━━━━━━━━━━━━━━━━━━━━━━━━ {""service"":""mqtt-publisher-lite""}",info,"{""level"":""info""}","{""project"":""90a47e04-a329-4122-9c82-2ee75a4562c2"",""environment"":""f6319bd4-2e87-40d4-8547-4ce714038bc1"",""service"":""c236b8cb-3eff-45c5-aca0-23e73e33dc8d"",""deployment"":""a6bd896b-ce92-4f23-ba48-744194e620d7"",""replica"":""557c57ce-d06f-4e60-ae3c-60391ac47c2e""}",2026-09-13T17:09:02.426193064Z
"2026-09-13T17:09:02.414Z [[32minfo[39m] leak hunter writing local diagnose files {""service"":""mqtt-publisher-lite"",""latest"":""/app/data/leak-hunter-latest.json"",""history"":""/app/data/leak-hunter.jsonl"",""intervalMs"":30000}",info,"{""level"":""info""}","{""project"":""90a47e04-a329-4122-9c82-2ee75a4562c2"",""environment"":""f6319bd4-2e87-40d4-8547-4ce714038bc1"",""service"":""c236b8cb-3eff-45c5-aca0-23e73e33dc8d"",""deployment"":""a6bd896b-ce92-4f23-ba48-744194e620d7"",""replica"":""557c57ce-d06f-4e60-ae3c-60391ac47c2e""}",2026-09-13T17:09:02.426195914Z
"2026-09-13T17:09:02.415Z [[32minfo[39m] memory_usage {""service"":""mqtt-publisher-lite"",""memory"":{""rss"":""677.88 MB"",""heapTotal"":""158.37 MB"",""heapUsed"":""210.65 MB"",""external"":""72.94 MB"",""arrayBuffers"":""24.70 MB""},""metrics"":{""mqttMessages"":0,""publishes"":0,""databaseQueries"":44,""httpRequests"":0,""redisOperations"":2,""fetchesEnqueued"":0,""fetchesSucceeded"":0,""fetchesFailed"":0,""fetchesNoCredentials"":0}}",info,"{""level"":""info""}","{""project"":""90a47e04-a329-4122-9c82-2ee75a4562c2"",""environment"":""f6319bd4-2e87-40d4-8547-4ce714038bc1"",""service"":""c236b8cb-3eff-45c5-aca0-23e73e33dc8d"",""deployment"":""a6bd896b-ce92-4f23-ba48-744194e620d7"",""replica"":""557c57ce-d06f-4e60-ae3c-60391ac47c2e""}",2026-09-13T17:09:02.426198674Z
"2026-09-13T17:09:02.571Z [[32minfo[39m] InfluxDB /health OK; verifying API token and both buckets {""service"":""mqtt-publisher-lite"",""apiTimeoutMs"":20000,""org"":""statsmqtt"",""metricsBucket"":""metrics"",""complianceBucket"":""pki_compliance"",""maxAttempts"":3}",info,"{""level"":""info""}","{""project"":""90a47e04-a329-4122-9c82-2ee75a4562c2"",""environment"":""f6319bd4-2e87-40d4-8547-4ce714038bc1"",""service"":""c236b8cb-3eff-45c5-aca0-23e73e33dc8d"",""deployment"":""a6bd896b-ce92-4f23-ba48-744194e620d7"",""replica"":""557c57ce-d06f-4e60-ae3c-60391ac47c2e""}",2026-09-13T17:09:02.572299677Z
"2026-09-13T17:09:02.602Z [[32minfo[39m] 📈 InfluxDB connected {""service"":""mqtt-publisher-lite"",""url"":""https://metrics.withproof.io"",""org"":""statsmqtt"",""bucket"":""metrics"",""complianceBucket"":""pki_compliance"",""diskQueue"":true,""diskQueueSync"":false}",info,"{""level"":""info""}","{""project"":""90a47e04-a329-4122-9c82-2ee75a4562c2"",""environment"":""f6319bd4-2e87-40d4-8547-4ce714038bc1"",""service"":""c236b8cb-3eff-45c5-aca0-23e73e33dc8d"",""deployment"":""a6bd896b-ce92-4f23-ba48-744194e620d7"",""replica"":""557c57ce-d06f-4e60-ae3c-60391ac47c2e""}",2026-09-13T17:09:02.610257503Z
"2026-09-13T17:09:02.635Z [[32minfo[39m] AuditService initialized from InfluxDB {""service"":""mqtt-publisher-lite"",""lastSequence"":23,""lastHash"":""ca54dcfb4748399a...""}",info,"{""level"":""info""}","{""project"":""90a47e04-a329-4122-9c82-2ee75a4562c2"",""environment"":""f6319bd4-2e87-40d4-8547-4ce714038bc1"",""service"":""c236b8cb-3eff-45c5-aca0-23e73e33dc8d"",""deployment"":""a6bd896b-ce92-4f23-ba48-744194e620d7"",""replica"":""557c57ce-d06f-4e60-ae3c-60391ac47c2e""}",2026-09-13T17:09:02.648511823Z
"2026-09-13T17:09:02.635Z [[32minfo[39m] PKI AuditService initialized (hash-chain) {""service"":""mqtt-publisher-lite""}",info,"{""level"":""info""}","{""project"":""90a47e04-a329-4122-9c82-2ee75a4562c2"",""environment"":""f6319bd4-2e87-40d4-8547-4ce714038bc1"",""service"":""c236b8cb-3eff-45c5-aca0-23e73e33dc8d"",""deployment"":""a6bd896b-ce92-4f23-ba48-744194e620d7"",""replica"":""557c57ce-d06f-4e60-ae3c-60391ac47c2e""}",2026-09-13T17:09:02.648518383Z
"2026-09-13T17:09:02.664Z [[32minfo[39m] Transparency Log initialized from InfluxDB {""service"":""mqtt-publisher-lite"",""entryCount"":6}",info,"{""level"":""info""}","{""project"":""90a47e04-a329-4122-9c82-2ee75a4562c2"",""environment"":""f6319bd4-2e87-40d4-8547-4ce714038bc1"",""service"":""c236b8cb-3eff-45c5-aca0-23e73e33dc8d"",""deployment"":""a6bd896b-ce92-4f23-ba48-744194e620d7"",""replica"":""557c57ce-d06f-4e60-ae3c-60391ac47c2e""}",2026-09-13T17:09:02.667221170Z
"2026-09-13T17:09:02.664Z [[32minfo[39m] PKI TransparencyLog initialized (Merkle tree → Influx ct_log) {""service"":""mqtt-publisher-lite""}",info,"{""level"":""info""}","{""project"":""90a47e04-a329-4122-9c82-2ee75a4562c2"",""environment"":""f6319bd4-2e87-40d4-8547-4ce714038bc1"",""service"":""c236b8cb-3eff-45c5-aca0-23e73e33dc8d"",""deployment"":""a6bd896b-ce92-4f23-ba48-744194e620d7"",""replica"":""557c57ce-d06f-4e60-ae3c-60391ac47c2e""}",2026-09-13T17:09:02.667226770Z
"2026-09-13T17:09:02.696Z [[32minfo[39m] DeviceStateLogService initialized from InfluxDB {""service"":""mqtt-publisher-lite"",""deviceCount"":3}",info,"{""level"":""info""}","{""project"":""90a47e04-a329-4122-9c82-2ee75a4562c2"",""environment"":""f6319bd4-2e87-40d4-8547-4ce714038bc1"",""service"":""c236b8cb-3eff-45c5-aca0-23e73e33dc8d"",""deployment"":""a6bd896b-ce92-4f23-ba48-744194e620d7"",""replica"":""557c57ce-d06f-4e60-ae3c-60391ac47c2e""}",2026-09-13T17:09:02.705717636Z
"2026-09-13T17:09:02.697Z [[32minfo[39m] 🔐 Initializing provisioning services... {""service"":""mqtt-publisher-lite""}",info,"{""level"":""info""}","{""project"":""90a47e04-a329-4122-9c82-2ee75a4562c2"",""environment"":""f6319bd4-2e87-40d4-8547-4ce714038bc1"",""service"":""c236b8cb-3eff-45c5-aca0-23e73e33dc8d"",""deployment"":""a6bd896b-ce92-4f23-ba48-744194e620d7"",""replica"":""557c57ce-d06f-4e60-ae3c-60391ac47c2e""}",2026-09-13T17:09:02.705721036Z
"2026-09-13T17:09:02.697Z [[32minfo[39m] ✅ AuthService initialized {""service"":""mqtt-publisher-lite""}",info,"{""level"":""info""}","{""project"":""90a47e04-a329-4122-9c82-2ee75a4562c2"",""environment"":""f6319bd4-2e87-40d4-8547-4ce714038bc1"",""service"":""c236b8cb-3eff-45c5-aca0-23e73e33dc8d"",""deployment"":""a6bd896b-ce92-4f23-ba48-744194e620d7"",""replica"":""557c57ce-d06f-4e60-ae3c-60391ac47c2e""}",2026-09-13T17:09:02.705724806Z
"2026-09-13T17:09:02.697Z [[32minfo[39m] MongoDB already connected {""service"":""mqtt-publisher-lite""}",info,"{""level"":""info""}","{""project"":""90a47e04-a329-4122-9c82-2ee75a4562c2"",""environment"":""f6319bd4-2e87-40d4-8547-4ce714038bc1"",""service"":""c236b8cb-3eff-45c5-aca0-23e73e33dc8d"",""deployment"":""a6bd896b-ce92-4f23-ba48-744194e620d7"",""replica"":""557c57ce-d06f-4e60-ae3c-60391ac47c2e""}",2026-09-13T17:09:02.705728146Z
"2026-09-13T17:09:02.697Z [[32minfo[39m] UserService initialized with MongoDB connection {""service"":""mqtt-publisher-lite""}",info,"{""level"":""info""}","{""project"":""90a47e04-a329-4122-9c82-2ee75a4562c2"",""environment"":""f6319bd4-2e87-40d4-8547-4ce714038bc1"",""service"":""c236b8cb-3eff-45c5-aca0-23e73e33dc8d"",""deployment"":""a6bd896b-ce92-4f23-ba48-744194e620d7"",""replica"":""557c57ce-d06f-4e60-ae3c-60391ac47c2e""}",2026-09-13T17:09:02.705730666Z
"2026-09-13T17:09:02.697Z [[32minfo[39m] ✅ UserService initialized {""service"":""mqtt-publisher-lite""}",info,"{""level"":""info""}","{""project"":""90a47e04-a329-4122-9c82-2ee75a4562c2"",""environment"":""f6319bd4-2e87-40d4-8547-4ce714038bc1"",""service"":""c236b8cb-3eff-45c5-aca0-23e73e33dc8d"",""deployment"":""a6bd896b-ce92-4f23-ba48-744194e620d7"",""replica"":""557c57ce-d06f-4e60-ae3c-60391ac47c2e""}",2026-09-13T17:09:02.705733546Z
"2026-09-13T17:09:02.697Z [[32minfo[39m] TokenStore initialized (Redis-based) {""service"":""mqtt-publisher-lite""}",info,"{""level"":""info""}","{""project"":""90a47e04-a329-4122-9c82-2ee75a4562c2"",""environment"":""f6319bd4-2e87-40d4-8547-4ce714038bc1"",""service"":""c236b8cb-3eff-45c5-aca0-23e73e33dc8d"",""deployment"":""a6bd896b-ce92-4f23-ba48-744194e620d7"",""replica"":""557c57ce-d06f-4e60-ae3c-60391ac47c2e""}",2026-09-13T17:09:02.705736206Z
"2026-09-13T17:09:02.698Z [[32minfo[39m] Root CA: reading certificate and key from disk {""service"":""mqtt-publisher-lite"",""certPath"":""/app/data/certs/root-ca.crt"",""keyPath"":""/app/data/certs/root-ca.key""}",info,"{""level"":""info""}","{""project"":""90a47e04-a329-4122-9c82-2ee75a4562c2"",""environment"":""f6319bd4-2e87-40d4-8547-4ce714038bc1"",""service"":""c236b8cb-3eff-45c5-aca0-23e73e33dc8d"",""deployment"":""a6bd896b-ce92-4f23-ba48-744194e620d7"",""replica"":""557c57ce-d06f-4e60-ae3c-60391ac47c2e""}",2026-09-13T17:09:02.705739126Z
"2026-09-13T17:09:02.701Z [[32minfo[39m] Root CA loaded successfully {""service"":""mqtt-publisher-lite"",""serialNumber"":""0461aef675600943176b177f3f856258"",""cert_pem_bytes"":1281,""key_pem_bytes"":1705,""cert_sha256_prefix"":""36ee61997530f8e5""}",info,"{""level"":""info""}","{""project"":""90a47e04-a329-4122-9c82-2ee75a4562c2"",""environment"":""f6319bd4-2e87-40d4-8547-4ce714038bc1"",""service"":""c236b8cb-3eff-45c5-aca0-23e73e33dc8d"",""deployment"":""a6bd896b-ce92-4f23-ba48-744194e620d7"",""replica"":""557c57ce-d06f-4e60-ae3c-60391ac47c2e""}",2026-09-13T17:09:02.705741996Z
"2026-09-13T17:09:02.701Z [[32minfo[39m] Certificate profile in effect {""service"":""mqtt-publisher-lite"",""cnPrefix"":""PROOF"",""certProfile"":{""validityDays"":90,""keyUsage"":[""digitalSignature"",""keyEncipherment""],""extendedKeyUsage"":[""clientAuth""],""requireSanDeviceId"":true,""minKeyBits"":2048}}",info,"{""level"":""info""}","{""project"":""90a47e04-a329-4122-9c82-2ee75a4562c2"",""environment"":""f6319bd4-2e87-40d4-8547-4ce714038bc1"",""service"":""c236b8cb-3eff-45c5-aca0-23e73e33dc8d"",""deployment"":""a6bd896b-ce92-4f23-ba48-744194e620d7"",""replica"":""557c57ce-d06f-4e60-ae3c-60391ac47c2e""}",2026-09-13T17:09:02.705744916Z
"2026-09-13T17:09:02.702Z [[32minfo[39m] MQTT client cert/key already loaded from env; skipping CREATE_MQTT_CLIENT_CERT generation {""service"":""mqtt-publisher-lite""}",info,"{""level"":""info""}","{""project"":""90a47e04-a329-4122-9c82-2ee75a4562c2"",""environment"":""f6319bd4-2e87-40d4-8547-4ce714038bc1"",""service"":""c236b8cb-3eff-45c5-aca0-23e73e33dc8d"",""deployment"":""a6bd896b-ce92-4f23-ba48-744194e620d7"",""replica"":""557c57ce-d06f-4e60-ae3c-60391ac47c2e""}",2026-09-13T17:09:02.705747696Z
"2026-09-13T17:09:02.702Z [[32minfo[39m] ✅ Provisioning services initialized {""service"":""mqtt-publisher-lite"",""tokenTTL"":6000,""caStoragePath"":""/app/data/certs"",""deviceCertValidityDays"":90,""storageMode"":""MongoDB"",""requireMtlsForRegistration"":false}",info,"{""level"":""info""}","{""project"":""90a47e04-a329-4122-9c82-2ee75a4562c2"",""environment"":""f6319bd4-2e87-40d4-8547-4ce714038bc1"",""service"":""c236b8cb-3eff-45c5-aca0-23e73e33dc8d"",""deployment"":""a6bd896b-ce92-4f23-ba48-744194e620d7"",""replica"":""557c57ce-d06f-4e60-ae3c-60391ac47c2e""}",2026-09-13T17:09:02.706035860Z
"2026-09-13T17:09:02.702Z [[32minfo[39m] 📡 Instagram fetch mode: direct (Graph API on this server). Set INSTAGRAM_SERVERLESS_URL to offload to a worker. {""service"":""mqtt-publisher-lite""}",info,"{""level"":""info""}","{""project"":""90a47e04-a329-4122-9c82-2ee75a4562c2"",""environment"":""f6319bd4-2e87-40d4-8547-4ce714038bc1"",""service"":""c236b8cb-3eff-45c5-aca0-23e73e33dc8d"",""deployment"":""a6bd896b-ce92-4f23-ba48-744194e620d7"",""replica"":""557c57ce-d06f-4e60-ae3c-60391ac47c2e""}",2026-09-13T17:09:02.706040780Z
"2026-09-13T17:09:02.840Z [[32minfo[39m] [IG_POLLING_SCRIPTS] Loaded Lua scripts for EVALSHA {""service"":""mqtt-publisher-lite"",""priorityReadPrune"":""a872710a5b911f8dfc25388eaee1eacea501a5ab"",""forceReload"":false}",info,"{""level"":""info""}","{""project"":""90a47e04-a329-4122-9c82-2ee75a4562c2"",""environment"":""f6319bd4-2e87-40d4-8547-4ce714038bc1"",""service"":""c236b8cb-3eff-45c5-aca0-23e73e33dc8d"",""deployment"":""a6bd896b-ce92-4f23-ba48-744194e620d7"",""replica"":""557c57ce-d06f-4e60-ae3c-60391ac47c2e""}",2026-09-13T17:09:02.870582196Z
"2026-09-13T17:09:02.978Z [[32minfo[39m] ⏱️ [IG_POLLER] Starting dual schedulers {""service"":""mqtt-publisher-lite"",""priorityIntervalMs"":15000,""backgroundIntervalMs"":90000,""batchSize"":100,""backoff"":{""threshold"":6,""windowMs"":60000},""fairness"":{""priorityZsetMaxMembers"":0,""backgroundCapPerCycle"":0,""backgroundFairRotate"":true,""globalFetchBudgetPerMinute"":0}}",info,"{""level"":""info""}","{""project"":""90a47e04-a329-4122-9c82-2ee75a4562c2"",""environment"":""f6319bd4-2e87-40d4-8547-4ce714038bc1"",""service"":""c236b8cb-3eff-45c5-aca0-23e73e33dc8d"",""deployment"":""a6bd896b-ce92-4f23-ba48-744194e620d7"",""replica"":""557c57ce-d06f-4e60-ae3c-60391ac47c2e""}",2026-09-13T17:09:02.980991743Z
"2026-09-13T17:09:02.980Z [[32minfo[39m] ✅ Instagram poller initialized (dual schedulers enabled) {""service"":""mqtt-publisher-lite""}",info,"{""level"":""info""}","{""project"":""90a47e04-a329-4122-9c82-2ee75a4562c2"",""environment"":""f6319bd4-2e87-40d4-8547-4ce714038bc1"",""service"":""c236b8cb-3eff-45c5-aca0-23e73e33dc8d"",""deployment"":""a6bd896b-ce92-4f23-ba48-744194e620d7"",""replica"":""557c57ce-d06f-4e60-ae3c-60391ac47c2e""}",2026-09-13T17:09:02.980997573Z
"2026-09-13T17:09:02.981Z [[32minfo[39m] 🌐 Initializing HTTP server... {""service"":""mqtt-publisher-lite""}",info,"{""level"":""info""}","{""project"":""90a47e04-a329-4122-9c82-2ee75a4562c2"",""environment"":""f6319bd4-2e87-40d4-8547-4ce714038bc1"",""service"":""c236b8cb-3eff-45c5-aca0-23e73e33dc8d"",""deployment"":""a6bd896b-ce92-4f23-ba48-744194e620d7"",""replica"":""557c57ce-d06f-4e60-ae3c-60391ac47c2e""}",2026-09-13T17:09:02.981689591Z
"2026-09-13T17:09:02.989Z [[32minfo[39m] ✅ OTA services initialized {""service"":""mqtt-publisher-lite"",""mqttDownloadMode"":""presigned"",""httpDownloadMode"":""presigned"",""publicBaseUrl"":""https://server.withproof.io"",""bucket"":""proof-firmware-ota"",""namespace"":""ax4egmknthnr"",""delivery"":""server-driven"",""testOta"":false}",info,"{""level"":""info""}","{""project"":""90a47e04-a329-4122-9c82-2ee75a4562c2"",""environment"":""f6319bd4-2e87-40d4-8547-4ce714038bc1"",""service"":""c236b8cb-3eff-45c5-aca0-23e73e33dc8d"",""deployment"":""a6bd896b-ce92-4f23-ba48-744194e620d7"",""replica"":""557c57ce-d06f-4e60-ae3c-60391ac47c2e""}",2026-09-13T17:09:02.991712493Z
"2026-09-13T17:09:02.990Z [[32minfo[39m] Webhook ingress routes registered {""service"":""mqtt-publisher-lite"",""gmb"":""/api/webhooks/google-business-reviews"",""otaRelease"":""/api/webhooks/ota-release"",""otaRolloutAdvance"":""/api/webhooks/ota-rollout-advance"",""mqttPublish"":true,""deviceTarget"":""primary""}",info,"{""level"":""info""}","{""project"":""90a47e04-a329-4122-9c82-2ee75a4562c2"",""environment"":""f6319bd4-2e87-40d4-8547-4ce714038bc1"",""service"":""c236b8cb-3eff-45c5-aca0-23e73e33dc8d"",""deployment"":""a6bd896b-ce92-4f23-ba48-744194e620d7"",""replica"":""557c57ce-d06f-4e60-ae3c-60391ac47c2e""}",2026-09-13T17:09:02.991717473Z
"2026-09-13T17:09:02.992Z [[32minfo[39m] ✅ Provisioning routes registered at /api/v1 {""service"":""mqtt-publisher-lite""}",info,"{""level"":""info""}","{""project"":""90a47e04-a329-4122-9c82-2ee75a4562c2"",""environment"":""f6319bd4-2e87-40d4-8547-4ce714038bc1"",""service"":""c236b8cb-3eff-45c5-aca0-23e73e33dc8d"",""deployment"":""a6bd896b-ce92-4f23-ba48-744194e620d7"",""replica"":""557c57ce-d06f-4e60-ae3c-60391ac47c2e""}",2026-09-13T17:09:02.996430499Z
"2026-09-13T17:09:02.993Z [[32minfo[39m] ✅ Lifecycle routes registered at /api/v1 {""service"":""mqtt-publisher-lite""}",info,"{""level"":""info""}","{""project"":""90a47e04-a329-4122-9c82-2ee75a4562c2"",""environment"":""f6319bd4-2e87-40d4-8547-4ce714038bc1"",""service"":""c236b8cb-3eff-45c5-aca0-23e73e33dc8d"",""deployment"":""a6bd896b-ce92-4f23-ba48-744194e620d7"",""replica"":""557c57ce-d06f-4e60-ae3c-60391ac47c2e""}",2026-09-13T17:09:02.996435429Z
"2026-09-13T17:09:02.993Z [[32minfo[39m] ✅ Recovery routes registered at /api/v1/recovery {""service"":""mqtt-publisher-lite""}",info,"{""level"":""info""}","{""project"":""90a47e04-a329-4122-9c82-2ee75a4562c2"",""environment"":""f6319bd4-2e87-40d4-8547-4ce714038bc1"",""service"":""c236b8cb-3eff-45c5-aca0-23e73e33dc8d"",""deployment"":""a6bd896b-ce92-4f23-ba48-744194e620d7"",""replica"":""557c57ce-d06f-4e60-ae3c-60391ac47c2e""}",2026-09-13T17:09:02.996439009Z
"2026-09-13T17:09:02.993Z [[32minfo[39m] ✅ Recovery routes registered at /api/recovery (alias) {""service"":""mqtt-publisher-lite""}",info,"{""level"":""info""}","{""project"":""90a47e04-a329-4122-9c82-2ee75a4562c2"",""environment"":""f6319bd4-2e87-40d4-8547-4ce714038bc1"",""service"":""c236b8cb-3eff-45c5-aca0-23e73e33dc8d"",""deployment"":""a6bd896b-ce92-4f23-ba48-744194e620d7"",""replica"":""557c57ce-d06f-4e60-ae3c-60391ac47c2e""}",2026-09-13T17:09:02.996442529Z
"2026-09-13T17:09:02.993Z [[32minfo[39m] ✅ Device configuration route registered at /api/v1/mqtt-config {""service"":""mqtt-publisher-lite""}",info,"{""level"":""info""}","{""project"":""90a47e04-a329-4122-9c82-2ee75a4562c2"",""environment"":""f6319bd4-2e87-40d4-8547-4ce714038bc1"",""service"":""c236b8cb-3eff-45c5-aca0-23e73e33dc8d"",""deployment"":""a6bd896b-ce92-4f23-ba48-744194e620d7"",""replica"":""557c57ce-d06f-4e60-ae3c-60391ac47c2e""}",2026-09-13T17:09:02.996446719Z
"2026-09-13T17:09:02.993Z [[32minfo[39m] ✅ OTA device routes registered at /api/v1/ota/* {""service"":""mqtt-publisher-lite""}",info,"{""level"":""info""}","{""project"":""90a47e04-a329-4122-9c82-2ee75a4562c2"",""environment"":""f6319bd4-2e87-40d4-8547-4ce714038bc1"",""service"":""c236b8cb-3eff-45c5-aca0-23e73e33dc8d"",""deployment"":""a6bd896b-ce92-4f23-ba48-744194e620d7"",""replica"":""557c57ce-d06f-4e60-ae3c-60391ac47c2e""}",2026-09-13T17:09:02.996449949Z
"2026-09-13T17:09:02.994Z [[32minfo[39m] ✅ OTA admin routes registered at /api/v1/admin/ota/* {""service"":""mqtt-publisher-lite""}",info,"{""level"":""info""}","{""project"":""90a47e04-a329-4122-9c82-2ee75a4562c2"",""environment"":""f6319bd4-2e87-40d4-8547-4ce714038bc1"",""service"":""c236b8cb-3eff-45c5-aca0-23e73e33dc8d"",""deployment"":""a6bd896b-ce92-4f23-ba48-744194e620d7"",""replica"":""557c57ce-d06f-4e60-ae3c-60391ac47c2e""}",2026-09-13T17:09:02.996454028Z
"2026-09-13T17:09:02.994Z [[32minfo[39m] ✅ Dashboard routes registered at /api/v1/dashboard/* {""service"":""mqtt-publisher-lite""}",info,"{""level"":""info""}","{""project"":""90a47e04-a329-4122-9c82-2ee75a4562c2"",""environment"":""f6319bd4-2e87-40d4-8547-4ce714038bc1"",""service"":""c236b8cb-3eff-45c5-aca0-23e73e33dc8d"",""deployment"":""a6bd896b-ce92-4f23-ba48-744194e620d7"",""replica"":""557c57ce-d06f-4e60-ae3c-60391ac47c2e""}",2026-09-13T17:09:02.996457638Z
"2026-09-13T17:09:02.994Z [[32minfo[39m] ✅ Integration routes registered at /api/v1/integrations/* {""service"":""mqtt-publisher-lite""}",info,"{""level"":""info""}","{""project"":""90a47e04-a329-4122-9c82-2ee75a4562c2"",""environment"":""f6319bd4-2e87-40d4-8547-4ce714038bc1"",""service"":""c236b8cb-3eff-45c5-aca0-23e73e33dc8d"",""deployment"":""a6bd896b-ce92-4f23-ba48-744194e620d7"",""replica"":""557c57ce-d06f-4e60-ae3c-60391ac47c2e""}",2026-09-13T17:09:02.996461278Z
"2026-09-13T17:09:02.994Z [[32minfo[39m] ✅ Influx query proxy registered at POST /api/v1/influx/query {""service"":""mqtt-publisher-lite""}",info,"{""level"":""info""}","{""project"":""90a47e04-a329-4122-9c82-2ee75a4562c2"",""environment"":""f6319bd4-2e87-40d4-8547-4ce714038bc1"",""service"":""c236b8cb-3eff-45c5-aca0-23e73e33dc8d"",""deployment"":""a6bd896b-ce92-4f23-ba48-744194e620d7"",""replica"":""557c57ce-d06f-4e60-ae3c-60391ac47c2e""}",2026-09-13T17:09:02.996464868Z
"2026-09-13T17:09:02.995Z [[32minfo[39m] ✅ Loyalty routes registered at /loyalty {""service"":""mqtt-publisher-lite""}",info,"{""level"":""info""}","{""project"":""90a47e04-a329-4122-9c82-2ee75a4562c2"",""environment"":""f6319bd4-2e87-40d4-8547-4ce714038bc1"",""service"":""c236b8cb-3eff-45c5-aca0-23e73e33dc8d"",""deployment"":""a6bd896b-ce92-4f23-ba48-744194e620d7"",""replica"":""557c57ce-d06f-4e60-ae3c-60391ac47c2e""}",2026-09-13T17:09:02.996468148Z
"2026-09-13T17:09:03.027Z [[32minfo[39m] [DEFERRED_WORK] Drain complete {""service"":""mqtt-publisher-lite"",""pending"":0,""processed"":0,""failed"":0,""skippedStale"":0,""requeued"":0,""pendingAfter"":0,""rearmed"":false}",info,"{""level"":""info""}","{""project"":""90a47e04-a329-4122-9c82-2ee75a4562c2"",""environment"":""f6319bd4-2e87-40d4-8547-4ce714038bc1"",""service"":""c236b8cb-3eff-45c5-aca0-23e73e33dc8d"",""deployment"":""a6bd896b-ce92-4f23-ba48-744194e620d7"",""replica"":""557c57ce-d06f-4e60-ae3c-60391ac47c2e""}",2026-09-13T17:09:03.035011304Z
"2026-09-13T17:09:03.023Z [[32minfo[39m] HTTP server started {""service"":""mqtt-publisher-lite"",""host"":""0.0.0.0"",""port"":8080}",info,"{""level"":""info""}","{""project"":""90a47e04-a329-4122-9c82-2ee75a4562c2"",""environment"":""f6319bd4-2e87-40d4-8547-4ce714038bc1"",""service"":""c236b8cb-3eff-45c5-aca0-23e73e33dc8d"",""deployment"":""a6bd896b-ce92-4f23-ba48-744194e620d7"",""replica"":""557c57ce-d06f-4e60-ae3c-60391ac47c2e""}",2026-09-13T17:09:03.035013814Z
"2026-09-13T17:09:03.024Z [[32minfo[39m] ✅ Loyalty WebSocket attached at /loyalty/realtime {""service"":""mqtt-publisher-lite""}",info,"{""level"":""info""}","{""project"":""90a47e04-a329-4122-9c82-2ee75a4562c2"",""environment"":""f6319bd4-2e87-40d4-8547-4ce714038bc1"",""service"":""c236b8cb-3eff-45c5-aca0-23e73e33dc8d"",""deployment"":""a6bd896b-ce92-4f23-ba48-744194e620d7"",""replica"":""557c57ce-d06f-4e60-ae3c-60391ac47c2e""}",2026-09-13T17:09:03.035020393Z
"2026-09-13T17:09:03.024Z [[32minfo[39m] ✅ HTTP server initialized {""service"":""mqtt-publisher-lite""}",info,"{""level"":""info""}","{""project"":""90a47e04-a329-4122-9c82-2ee75a4562c2"",""environment"":""f6319bd4-2e87-40d4-8547-4ce714038bc1"",""service"":""c236b8cb-3eff-45c5-aca0-23e73e33dc8d"",""deployment"":""a6bd896b-ce92-4f23-ba48-744194e620d7"",""replica"":""557c57ce-d06f-4e60-ae3c-60391ac47c2e""}",2026-09-13T17:09:03.035024773Z
"2026-09-13T17:09:03.024Z [[32minfo[39m] 📊 Initializing stats publisher... {""service"":""mqtt-publisher-lite""}",info,"{""level"":""info""}","{""project"":""90a47e04-a329-4122-9c82-2ee75a4562c2"",""environment"":""f6319bd4-2e87-40d4-8547-4ce714038bc1"",""service"":""c236b8cb-3eff-45c5-aca0-23e73e33dc8d"",""deployment"":""a6bd896b-ce92-4f23-ba48-744194e620d7"",""replica"":""557c57ce-d06f-4e60-ae3c-60391ac47c2e""}",2026-09-13T17:09:03.035028043Z
"2026-09-13T17:09:03.024Z [[32minfo[39m] 📈 Starting screen publisher (Instagram, GMB) {""service"":""mqtt-publisher-lite"",""interval"":""60s"",""topicRoot"":""proof.mqtt""}",info,"{""level"":""info""}","{""project"":""90a47e04-a329-4122-9c82-2ee75a4562c2"",""environment"":""f6319bd4-2e87-40d4-8547-4ce714038bc1"",""service"":""c236b8cb-3eff-45c5-aca0-23e73e33dc8d"",""deployment"":""a6bd896b-ce92-4f23-ba48-744194e620d7"",""replica"":""557c57ce-d06f-4e60-ae3c-60391ac47c2e""}",2026-09-13T17:09:03.035031573Z
"2026-09-13T17:09:03.026Z [[32minfo[39m] OTA Release Log initialized from InfluxDB {""service"":""mqtt-publisher-lite"",""entryCount"":0}",info,"{""level"":""info""}","{""project"":""90a47e04-a329-4122-9c82-2ee75a4562c2"",""environment"":""f6319bd4-2e87-40d4-8547-4ce714038bc1"",""service"":""c236b8cb-3eff-45c5-aca0-23e73e33dc8d"",""deployment"":""a6bd896b-ce92-4f23-ba48-744194e620d7"",""replica"":""557c57ce-d06f-4e60-ae3c-60391ac47c2e""}",2026-09-13T17:09:03.035035893Z
"2026-09-13T17:09:03.026Z [[34mdebug[39m] 📤 [PUBLISH_CYCLE] No active devices in Redis cache — skipping publish {""service"":""mqtt-publisher-lite""}",info,"{""level"":""info""}","{""project"":""90a47e04-a329-4122-9c82-2ee75a4562c2"",""environment"":""f6319bd4-2e87-40d4-8547-4ce714038bc1"",""service"":""c236b8cb-3eff-45c5-aca0-23e73e33dc8d"",""deployment"":""a6bd896b-ce92-4f23-ba48-744194e620d7"",""replica"":""557c57ce-d06f-4e60-ae3c-60391ac47c2e""}",2026-09-13T17:09:03.035038353Z
"2026-09-13T17:09:03.026Z [[32minfo[39m] ✅ Stats publisher initialized - publishing every 60s to /instagram, /gmb {""service"":""mqtt-publisher-lite""}",info,"{""level"":""info""}","{""project"":""90a47e04-a329-4122-9c82-2ee75a4562c2"",""environment"":""f6319bd4-2e87-40d4-8547-4ce714038bc1"",""service"":""c236b8cb-3eff-45c5-aca0-23e73e33dc8d"",""deployment"":""a6bd896b-ce92-4f23-ba48-744194e620d7"",""replica"":""557c57ce-d06f-4e60-ae3c-60391ac47c2e""}",2026-09-13T17:09:03.035041643Z
"2026-09-13T17:09:03.026Z [[32minfo[39m] ✅ Connect refresh coordinator initialized (/active → debounced screen pull) {""service"":""mqtt-publisher-lite""}",info,"{""level"":""info""}","{""project"":""90a47e04-a329-4122-9c82-2ee75a4562c2"",""environment"":""f6319bd4-2e87-40d4-8547-4ce714038bc1"",""service"":""c236b8cb-3eff-45c5-aca0-23e73e33dc8d"",""deployment"":""a6bd896b-ce92-4f23-ba48-744194e620d7"",""replica"":""557c57ce-d06f-4e60-ae3c-60391ac47c2e""}",2026-09-13T17:09:03.035044203Z
"2026-09-13T17:09:03.026Z [[32minfo[39m] [STIM] STIMULATE_DEVICE unset — stimulate service idle {""service"":""mqtt-publisher-lite""}",info,"{""level"":""info""}","{""project"":""90a47e04-a329-4122-9c82-2ee75a4562c2"",""environment"":""f6319bd4-2e87-40d4-8547-4ce714038bc1"",""service"":""c236b8cb-3eff-45c5-aca0-23e73e33dc8d"",""deployment"":""a6bd896b-ce92-4f23-ba48-744194e620d7"",""replica"":""557c57ce-d06f-4e60-ae3c-60391ac47c2e""}",2026-09-13T17:09:03.035047703Z
"2026-09-13T17:09:03.026Z [[32minfo[39m] 🟢 All services ready — draining deferred work and message buffer {""service"":""mqtt-publisher-lite""}",info,"{""level"":""info""}","{""project"":""90a47e04-a329-4122-9c82-2ee75a4562c2"",""environment"":""f6319bd4-2e87-40d4-8547-4ce714038bc1"",""service"":""c236b8cb-3eff-45c5-aca0-23e73e33dc8d"",""deployment"":""a6bd896b-ce92-4f23-ba48-744194e620d7"",""replica"":""557c57ce-d06f-4e60-ae3c-60391ac47c2e""}",2026-09-13T17:09:03.035050203Z
"2026-09-13T17:09:03.027Z [[32minfo[39m] 📋 Enabled subsystems {""service"":""mqtt-publisher-lite"",""ota"":true,""instagramPoller"":true,""gmbWebhooks"":true,""stimulate"":false,""provisioning"":true,""testOta"":false}",info,"{""level"":""info""}","{""project"":""90a47e04-a329-4122-9c82-2ee75a4562c2"",""environment"":""f6319bd4-2e87-40d4-8547-4ce714038bc1"",""service"":""c236b8cb-3eff-45c5-aca0-23e73e33dc8d"",""deployment"":""a6bd896b-ce92-4f23-ba48-744194e620d7"",""replica"":""557c57ce-d06f-4e60-ae3c-60391ac47c2e""}",2026-09-13T17:09:03.036514056Z
"2026-09-13T17:09:03.029Z [[34mdebug[39m] PKI audit event written to InfluxDB {""service"":""mqtt-publisher-lite"",""event"":""OTA_SIGNING_KEY_LOADED"",""deviceId"":""system""}",info,"{""level"":""info""}","{""project"":""90a47e04-a329-4122-9c82-2ee75a4562c2"",""environment"":""f6319bd4-2e87-40d4-8547-4ce714038bc1"",""service"":""c236b8cb-3eff-45c5-aca0-23e73e33dc8d"",""deployment"":""a6bd896b-ce92-4f23-ba48-744194e620d7"",""replica"":""557c57ce-d06f-4e60-ae3c-60391ac47c2e""}",2026-09-13T17:09:03.036518646Z
"2026-09-13T17:09:03.029Z [[34mdebug[39m] Audit event logged to InfluxDB {""service"":""mqtt-publisher-lite"",""sequence"":24,""event"":""OTA_SIGNING_KEY_LOADED"",""hash"":""9aa9e13b9085a5bf...""}",info,"{""level"":""info""}","{""project"":""90a47e04-a329-4122-9c82-2ee75a4562c2"",""environment"":""f6319bd4-2e87-40d4-8547-4ce714038bc1"",""service"":""c236b8cb-3eff-45c5-aca0-23e73e33dc8d"",""deployment"":""a6bd896b-ce92-4f23-ba48-744194e620d7"",""replica"":""557c57ce-d06f-4e60-ae3c-60391ac47c2e""}",2026-09-13T17:09:03.036522056Z
"2026-09-13T17:09:03.809Z [[32minfo[39m] [OTA] OCI bucket access verified {""service"":""mqtt-publisher-lite"",""bucket"":""proof-firmware-ota"",""namespace"":""ax4egmknthnr"",""region"":""ap-hyderabad-1""}",info,"{""level"":""info""}","{""project"":""90a47e04-a329-4122-9c82-2ee75a4562c2"",""environment"":""f6319bd4-2e87-40d4-8547-4ce714038bc1"",""service"":""c236b8cb-3eff-45c5-aca0-23e73e33dc8d"",""deployment"":""a6bd896b-ce92-4f23-ba48-744194e620d7"",""replica"":""557c57ce-d06f-4e60-ae3c-60391ac47c2e""}",2026-09-13T17:09:03.810763276Z
"2026-09-13T17:09:07.417Z [[32minfo[39m] InfluxDB batch flush {""service"":""mqtt-publisher-lite"",""source"":""compliance_disk_queue_worker"",""count"":1,""lines"":[""pki_audit,device_id=system,event=OTA_SIGNING_KEY_LOADED details=\""{\\\""keyFingerprint\\\"":\\\""7328b5af13b95e39\\\"",\\\""source\\\"":\\\""env\\\""}\"",hash=\""9aa9e13b9085a5bfdc44c3c5d77c12020a350719e939b2af0bff2be2dce77080\"",hash_preimage=\""{\\\""batchId\\\"":null,\\\""businessId\\\"":null,\\\""certificateFingerprint\\\"":null,\\\""details\\\"":{\\\""keyFingerprint\\\"":\\\""7328b5af13b95e39\\\"",\\\""source\\\"":\\\""env\\\""},\\\""deviceId\\\"":\\\""system\\\"",\\\""event\\\"":\\\""OTA_SIGNING_KEY_LOADED\\\"",\\\""orderId\\\"":null,\\\""previousHash\\\"":\\\""ca54dcfb4748399ac7f6dbca882b77abf8cc051d8ad27e59ad44260441d759d4\\\"",\\\""serialNumber\\\"":null,\\\""timestamp\\\"":\\\""2026-09-13T17:09:02.984Z\\\""}\"",previous_hash=\""ca54dcfb4748399ac7f6dbca882b77abf8cc051d8ad27e59ad44260441d759d4\"",sequence=24i 1789319342985000000""]}",info,"{""level"":""info""}","{""project"":""90a47e04-a329-4122-9c82-2ee75a4562c2"",""environment"":""f6319bd4-2e87-40d4-8547-4ce714038bc1"",""service"":""c236b8cb-3eff-45c5-aca0-23e73e33dc8d"",""deployment"":""a6bd896b-ce92-4f23-ba48-744194e620d7"",""replica"":""557c57ce-d06f-4e60-ae3c-60391ac47c2e""}",2026-09-13T17:09:07.506837047Z
"2026-09-13T17:09:11.422Z [[34mdebug[39m] Verifying auth_token {""service"":""mqtt-publisher-lite"",""tokenLength"":253,""tokenPreview"":""eyJhbGciOiJIUzI1NiIsInR5cCI6Ik...""}",info,"{""level"":""info""}","{""project"":""90a47e04-a329-4122-9c82-2ee75a4562c2"",""environment"":""f6319bd4-2e87-40d4-8547-4ce714038bc1"",""service"":""c236b8cb-3eff-45c5-aca0-23e73e33dc8d"",""deployment"":""a6bd896b-ce92-4f23-ba48-744194e620d7"",""replica"":""557c57ce-d06f-4e60-ae3c-60391ac47c2e""}",2026-09-13T17:09:11.471977025Z
"2026-09-13T17:09:11.423Z [[34mdebug[39m] JWT verification successful {""service"":""mqtt-publisher-lite"",""hasSub"":true,""hasUserId"":false,""hasId"":false,""hasUser_id"":false,""email"":""dev.maniprithvi@gmail.com"",""exp"":1789322951,""expiresAt"":""2026-09-13T18:09:11.000Z""}",info,"{""level"":""info""}","{""project"":""90a47e04-a329-4122-9c82-2ee75a4562c2"",""environment"":""f6319bd4-2e87-40d4-8547-4ce714038bc1"",""service"":""c236b8cb-3eff-45c5-aca0-23e73e33dc8d"",""deployment"":""a6bd896b-ce92-4f23-ba48-744194e620d7"",""replica"":""557c57ce-d06f-4e60-ae3c-60391ac47c2e""}",2026-09-13T17:09:11.471980384Z
"2026-09-13T17:09:11.423Z [[32minfo[39m] Auth token verified successfully {""service"":""mqtt-publisher-lite"",""userId"":""6a912cb61c0192e41bd2f62a"",""email"":""dev.maniprithvi@gmail.com"",""expiresAt"":""2026-09-13T18:09:11.000Z""}",info,"{""level"":""info""}","{""project"":""90a47e04-a329-4122-9c82-2ee75a4562c2"",""environment"":""f6319bd4-2e87-40d4-8547-4ce714038bc1"",""service"":""c236b8cb-3eff-45c5-aca0-23e73e33dc8d"",""deployment"":""a6bd896b-ce92-4f23-ba48-744194e620d7"",""replica"":""557c57ce-d06f-4e60-ae3c-60391ac47c2e""}",2026-09-13T17:09:11.471984404Z
"2026-09-13T17:09:11.424Z [[32minfo[39m] recovery generate-session request received {""service"":""mqtt-publisher-lite"",""requestedDeviceId"":""EF559E3E3C32"",""forceReissue"":true}",info,"{""level"":""info""}","{""project"":""90a47e04-a329-4122-9c82-2ee75a4562c2"",""environment"":""f6319bd4-2e87-40d4-8547-4ce714038bc1"",""service"":""c236b8cb-3eff-45c5-aca0-23e73e33dc8d"",""deployment"":""a6bd896b-ce92-4f23-ba48-744194e620d7"",""replica"":""557c57ce-d06f-4e60-ae3c-60391ac47c2e""}",2026-09-13T17:09:11.471987834Z
"2026-09-13T17:09:11.839Z [[32minfo[39m] recovery session stored in redis {""service"":""mqtt-publisher-lite"",""deviceId"":""EF559E3E3C32"",""redisKey"":""proof-mqtt:recovery:session:EF559E3E3C32"",""ttlSec"":900,""jtiPrefix"":""db847c8f""}",info,"{""level"":""info""}","{""project"":""90a47e04-a329-4122-9c82-2ee75a4562c2"",""environment"":""f6319bd4-2e87-40d4-8547-4ce714038bc1"",""service"":""c236b8cb-3eff-45c5-aca0-23e73e33dc8d"",""deployment"":""a6bd896b-ce92-4f23-ba48-744194e620d7"",""replica"":""557c57ce-d06f-4e60-ae3c-60391ac47c2e""}",2026-09-13T17:09:11.927580108Z
"2026-09-13T17:09:11.839Z [[32minfo[39m] recovery session registered {""service"":""mqtt-publisher-lite"",""deviceId"":""EF559E3E3C32"",""jtiPrefix"":""db847c8f""}",info,"{""level"":""info""}","{""project"":""90a47e04-a329-4122-9c82-2ee75a4562c2"",""environment"":""f6319bd4-2e87-40d4-8547-4ce714038bc1"",""service"":""c236b8cb-3eff-45c5-aca0-23e73e33dc8d"",""deployment"":""a6bd896b-ce92-4f23-ba48-744194e620d7"",""replica"":""557c57ce-d06f-4e60-ae3c-60391ac47c2e""}",2026-09-13T17:09:11.927586387Z
"2026-09-13T17:09:11.842Z [[32minfo[39m] HTTP request {""service"":""mqtt-publisher-lite"",""method"":""POST"",""path"":""/recovery/generate-session"",""status"":200,""duration"":""423ms""}",info,"{""level"":""info""}","{""project"":""90a47e04-a329-4122-9c82-2ee75a4562c2"",""environment"":""f6319bd4-2e87-40d4-8547-4ce714038bc1"",""service"":""c236b8cb-3eff-45c5-aca0-23e73e33dc8d"",""deployment"":""a6bd896b-ce92-4f23-ba48-744194e620d7"",""replica"":""557c57ce-d06f-4e60-ae3c-60391ac47c2e""}",2026-09-13T17:09:11.927591927Z
"2026-09-13T17:10:02.415Z [[32minfo[39m] memory_usage {""service"":""mqtt-publisher-lite"",""memory"":{""rss"":""609.11 MB"",""heapTotal"":""136.85 MB"",""heapUsed"":""140.33 MB"",""external"":""32.46 MB"",""arrayBuffers"":""24.64 MB""},""metrics"":{""mqttMessages"":0,""publishes"":0,""databaseQueries"":47,""httpRequests"":1,""redisOperations"":9,""fetchesEnqueued"":0,""fetchesSucceeded"":0,""fetchesFailed"":0,""fetchesNoCredentials"":0}}",info,"{""level"":""info""}","{""project"":""90a47e04-a329-4122-9c82-2ee75a4562c2"",""environment"":""f6319bd4-2e87-40d4-8547-4ce714038bc1"",""service"":""c236b8cb-3eff-45c5-aca0-23e73e33dc8d"",""deployment"":""a6bd896b-ce92-4f23-ba48-744194e620d7"",""replica"":""557c57ce-d06f-4e60-ae3c-60391ac47c2e""}",2026-09-13T17:10:11.961060162Z
"2026-09-13T17:10:03.025Z [[34mdebug[39m] 📤 [PUBLISH_CYCLE] No active devices in Redis cache — skipping publish {""service"":""mqtt-publisher-lite""}",info,"{""level"":""info""}","{""project"":""90a47e04-a329-4122-9c82-2ee75a4562c2"",""environment"":""f6319bd4-2e87-40d4-8547-4ce714038bc1"",""service"":""c236b8cb-3eff-45c5-aca0-23e73e33dc8d"",""deployment"":""a6bd896b-ce92-4f23-ba48-744194e620d7"",""replica"":""557c57ce-d06f-4e60-ae3c-60391ac47c2e""}",2026-09-13T17:10:11.961063752Z
"2026-09-13T17:11:02.414Z [[32minfo[39m] memory_usage {""service"":""mqtt-publisher-lite"",""memory"":{""rss"":""607.55 MB"",""heapTotal"":""136.91 MB"",""heapUsed"":""141.10 MB"",""external"":""32.80 MB"",""arrayBuffers"":""24.72 MB""},""metrics"":{""mqttMessages"":0,""publishes"":0,""databaseQueries"":47,""httpRequests"":1,""redisOperations"":10,""fetchesEnqueued"":0,""fetchesSucceeded"":0,""fetchesFailed"":0,""fetchesNoCredentials"":0}}",info,"{""level"":""info""}","{""project"":""90a47e04-a329-4122-9c82-2ee75a4562c2"",""environment"":""f6319bd4-2e87-40d4-8547-4ce714038bc1"",""service"":""c236b8cb-3eff-45c5-aca0-23e73e33dc8d"",""deployment"":""a6bd896b-ce92-4f23-ba48-744194e620d7"",""replica"":""557c57ce-d06f-4e60-ae3c-60391ac47c2e""}",2026-09-13T17:11:12.055674267Z
"2026-09-13T17:11:03.024Z [[34mdebug[39m] 📤 [PUBLISH_CYCLE] No active devices in Redis cache — skipping publish {""service"":""mqtt-publisher-lite""}",info,"{""level"":""info""}","{""project"":""90a47e04-a329-4122-9c82-2ee75a4562c2"",""environment"":""f6319bd4-2e87-40d4-8547-4ce714038bc1"",""service"":""c236b8cb-3eff-45c5-aca0-23e73e33dc8d"",""deployment"":""a6bd896b-ce92-4f23-ba48-744194e620d7"",""replica"":""557c57ce-d06f-4e60-ae3c-60391ac47c2e""}",2026-09-13T17:11:12.055677437Z
"2026-09-13T17:12:02.413Z [[32minfo[39m] memory_usage {""service"":""mqtt-publisher-lite"",""memory"":{""rss"":""608.79 MB"",""heapTotal"":""137.04 MB"",""heapUsed"":""141.65 MB"",""external"":""32.95 MB"",""arrayBuffers"":""24.81 MB""},""metrics"":{""mqttMessages"":0,""publishes"":0,""databaseQueries"":47,""httpRequests"":1,""redisOperations"":10,""fetchesEnqueued"":0,""fetchesSucceeded"":0,""fetchesFailed"":0,""fetchesNoCredentials"":0}}",info,"{""level"":""info""}","{""project"":""90a47e04-a329-4122-9c82-2ee75a4562c2"",""environment"":""f6319bd4-2e87-40d4-8547-4ce714038bc1"",""service"":""c236b8cb-3eff-45c5-aca0-23e73e33dc8d"",""deployment"":""a6bd896b-ce92-4f23-ba48-744194e620d7"",""replica"":""557c57ce-d06f-4e60-ae3c-60391ac47c2e""}",2026-09-13T17:12:12.185452948Z
"2026-09-13T17:12:03.023Z [[34mdebug[39m] 📤 [PUBLISH_CYCLE] No active devices in Redis cache — skipping publish {""service"":""mqtt-publisher-lite""}",info,"{""level"":""info""}","{""project"":""90a47e04-a329-4122-9c82-2ee75a4562c2"",""environment"":""f6319bd4-2e87-40d4-8547-4ce714038bc1"",""service"":""c236b8cb-3eff-45c5-aca0-23e73e33dc8d"",""deployment"":""a6bd896b-ce92-4f23-ba48-744194e620d7"",""replica"":""557c57ce-d06f-4e60-ae3c-60391ac47c2e""}",2026-09-13T17:12:12.185455617Z
"2026-09-13T17:13:02.411Z [[32minfo[39m] memory_usage {""service"":""mqtt-publisher-lite"",""memory"":{""rss"":""609.54 MB"",""heapTotal"":""137.24 MB"",""heapUsed"":""142.16 MB"",""external"":""33.07 MB"",""arrayBuffers"":""24.90 MB""},""metrics"":{""mqttMessages"":0,""publishes"":0,""databaseQueries"":47,""httpRequests"":1,""redisOperations"":11,""fetchesEnqueued"":0,""fetchesSucceeded"":0,""fetchesFailed"":0,""fetchesNoCredentials"":0}}",info,"{""level"":""info""}","{""project"":""90a47e04-a329-4122-9c82-2ee75a4562c2"",""environment"":""f6319bd4-2e87-40d4-8547-4ce714038bc1"",""service"":""c236b8cb-3eff-45c5-aca0-23e73e33dc8d"",""deployment"":""a6bd896b-ce92-4f23-ba48-744194e620d7"",""replica"":""557c57ce-d06f-4e60-ae3c-60391ac47c2e""}",2026-09-13T17:13:02.559743604Z
"2026-09-13T17:13:03.022Z [[34mdebug[39m] 📤 [PUBLISH_CYCLE] No active devices in Redis cache — skipping publish {""service"":""mqtt-publisher-lite""}",info,"{""level"":""info""}","{""project"":""90a47e04-a329-4122-9c82-2ee75a4562c2"",""environment"":""f6319bd4-2e87-40d4-8547-4ce714038bc1"",""service"":""c236b8cb-3eff-45c5-aca0-23e73e33dc8d"",""deployment"":""a6bd896b-ce92-4f23-ba48-744194e620d7"",""replica"":""557c57ce-d06f-4e60-ae3c-60391ac47c2e""}",2026-09-13T17:13:03.023987914Z
"2026-09-13T17:13:32.428Z [[32minfo[39m] leak_hunter_sample {""service"":""mqtt-publisher-lite"",""rss_mb"":610,""suspect"":""none"",""igPipeline"":{""fetchesEnqueued"":0,""fetchesApplied"":0,""fetchesSucceeded"":0,""fetchesFailed"":0,""fetchesNoCredentials"":0,""correlationPending"":0,""lastGraphResponseBytes"":0,""lastDetailsJsonBytes"":0}}",info,"{""level"":""info""}","{""project"":""90a47e04-a329-4122-9c82-2ee75a4562c2"",""environment"":""f6319bd4-2e87-40d4-8547-4ce714038bc1"",""service"":""c236b8cb-3eff-45c5-aca0-23e73e33dc8d"",""deployment"":""a6bd896b-ce92-4f23-ba48-744194e620d7"",""replica"":""557c57ce-d06f-4e60-ae3c-60391ac47c2e""}",2026-09-13T17:13:33.048927561Z
"2026-09-13T17:13:46.671Z [[32minfo[39m] [CSR_RATE_LIMIT_LUA] Loaded script for EVALSHA {""service"":""mqtt-publisher-lite"",""sha"":""10d02fafd5d2b6f61d791b53759ce23a91d6a4c4"",""forceReload"":false}",info,"{""level"":""info""}","{""project"":""90a47e04-a329-4122-9c82-2ee75a4562c2"",""environment"":""f6319bd4-2e87-40d4-8547-4ce714038bc1"",""service"":""c236b8cb-3eff-45c5-aca0-23e73e33dc8d"",""deployment"":""a6bd896b-ce92-4f23-ba48-744194e620d7"",""replica"":""557c57ce-d06f-4e60-ae3c-60391ac47c2e""}",2026-09-13T17:13:53.079508469Z
"2026-09-13T17:13:46.812Z [[34mdebug[39m] CSR signing request received {""service"":""mqtt-publisher-lite"",""method"":""POST"",""url"":""/sign-csr"",""hasAuthHeader"":true,""hasBody"":true,""bodyKeys"":[""csr""],""ip"":""152.233.15.121""}",info,"{""level"":""info""}","{""project"":""90a47e04-a329-4122-9c82-2ee75a4562c2"",""environment"":""f6319bd4-2e87-40d4-8547-4ce714038bc1"",""service"":""c236b8cb-3eff-45c5-aca0-23e73e33dc8d"",""deployment"":""a6bd896b-ce92-4f23-ba48-744194e620d7"",""replica"":""557c57ce-d06f-4e60-ae3c-60391ac47c2e""}",2026-09-13T17:13:53.079512559Z
"2026-09-13T17:13:46.812Z [[34mdebug[39m] Extracting provisioning token {""service"":""mqtt-publisher-lite"",""hasAuthHeader"":true,""authHeaderPrefix"":""Bearer eyJhbGciOiJIU..."",""hasBodyToken"":false}",info,"{""level"":""info""}","{""project"":""90a47e04-a329-4122-9c82-2ee75a4562c2"",""environment"":""f6319bd4-2e87-40d4-8547-4ce714038bc1"",""service"":""c236b8cb-3eff-45c5-aca0-23e73e33dc8d"",""deployment"":""a6bd896b-ce92-4f23-ba48-744194e620d7"",""replica"":""557c57ce-d06f-4e60-ae3c-60391ac47c2e""}",2026-09-13T17:13:53.079516599Z
"2026-09-13T17:13:46.812Z [[34mdebug[39m] Validating provisioning token {""service"":""mqtt-publisher-lite"",""tokenLength"":243,""tokenPreview"":""eyJhbGciOiJIUzI1NiIsInR5cCI6Ik...""}",info,"{""level"":""info""}","{""project"":""90a47e04-a329-4122-9c82-2ee75a4562c2"",""environment"":""f6319bd4-2e87-40d4-8547-4ce714038bc1"",""service"":""c236b8cb-3eff-45c5-aca0-23e73e33dc8d"",""deployment"":""a6bd896b-ce92-4f23-ba48-744194e620d7"",""replica"":""557c57ce-d06f-4e60-ae3c-60391ac47c2e""}",2026-09-13T17:13:53.079520699Z
"2026-09-13T17:13:46.954Z [[33mwarn[39m] Provisioning token peek failed {""service"":""mqtt-publisher-lite"",""error"":""Provisioning token was already used after successful certificate issuance (sign-csr). Tokens are one-time use. Request a new token from POST /api/v1/onboarding.""}",info,"{""level"":""info""}","{""project"":""90a47e04-a329-4122-9c82-2ee75a4562c2"",""environment"":""f6319bd4-2e87-40d4-8547-4ce714038bc1"",""service"":""c236b8cb-3eff-45c5-aca0-23e73e33dc8d"",""deployment"":""a6bd896b-ce92-4f23-ba48-744194e620d7"",""replica"":""557c57ce-d06f-4e60-ae3c-60391ac47c2e""}",2026-09-13T17:13:53.079524559Z
"2026-09-13T17:13:46.954Z [[34mdebug[39m] Token validation result {""service"":""mqtt-publisher-lite"",""valid"":false,""error"":""Provisioning token was already used after successful certificate issuance (sign-csr). Tokens are one-time use. Request a new token from POST /api/v1/onboarding."",""validationDetails"":{""valid"":false,""error"":""Provisioning token was already used after successful certificate issuance (sign-csr). Tokens are one-time use. Request a new token from POST /api/v1/onboarding.""}}",info,"{""level"":""info""}","{""project"":""90a47e04-a329-4122-9c82-2ee75a4562c2"",""environment"":""f6319bd4-2e87-40d4-8547-4ce714038bc1"",""service"":""c236b8cb-3eff-45c5-aca0-23e73e33dc8d"",""deployment"":""a6bd896b-ce92-4f23-ba48-744194e620d7"",""replica"":""557c57ce-d06f-4e60-ae3c-60391ac47c2e""}",2026-09-13T17:13:53.079529449Z
"2026-09-13T17:13:46.954Z [[33mwarn[39m] sign-csr 401: token validation failed {""service"":""mqtt-publisher-lite"",""errorCode"":""TOKEN_ALREADY_USED"",""error"":""Provisioning token was already used after successful certificate issuance (sign-csr). Tokens are one-time use. Request a new token from POST /api/v1/onboarding."",""hasDeviceId"":false,""hasUserId"":false,""tokenPreview"":""eyJhbGciOiJIUzI1NiIsInR5cCI6Ik...""}",info,"{""level"":""info""}","{""project"":""90a47e04-a329-4122-9c82-2ee75a4562c2"",""environment"":""f6319bd4-2e87-40d4-8547-4ce714038bc1"",""service"":""c236b8cb-3eff-45c5-aca0-23e73e33dc8d"",""deployment"":""a6bd896b-ce92-4f23-ba48-744194e620d7"",""replica"":""557c57ce-d06f-4e60-ae3c-60391ac47c2e""}",2026-09-13T17:13:53.079533148Z
"2026-09-13T17:13:46.955Z [[32minfo[39m] HTTP request {""service"":""mqtt-publisher-lite"",""method"":""POST"",""path"":""/sign-csr"",""status"":401,""duration"":""423ms""}",info,"{""level"":""info""}","{""project"":""90a47e04-a329-4122-9c82-2ee75a4562c2"",""environment"":""f6319bd4-2e87-40d4-8547-4ce714038bc1"",""service"":""c236b8cb-3eff-45c5-aca0-23e73e33dc8d"",""deployment"":""a6bd896b-ce92-4f23-ba48-744194e620d7"",""replica"":""557c57ce-d06f-4e60-ae3c-60391ac47c2e""}",2026-09-13T17:13:53.080136848Z
"2026-09-13T17:14:02.411Z [[32minfo[39m] memory_usage {""service"":""mqtt-publisher-lite"",""memory"":{""rss"":""609.00 MB"",""heapTotal"":""137.00 MB"",""heapUsed"":""140.97 MB"",""external"":""33.28 MB"",""arrayBuffers"":""24.60 MB""},""metrics"":{""mqttMessages"":0,""publishes"":0,""databaseQueries"":47,""httpRequests"":2,""redisOperations"":15,""fetchesEnqueued"":0,""fetchesSucceeded"":0,""fetchesFailed"":0,""fetchesNoCredentials"":0}}",info,"{""level"":""info""}","{""project"":""90a47e04-a329-4122-9c82-2ee75a4562c2"",""environment"":""f6319bd4-2e87-40d4-8547-4ce714038bc1"",""service"":""c236b8cb-3eff-45c5-aca0-23e73e33dc8d"",""deployment"":""a6bd896b-ce92-4f23-ba48-744194e620d7"",""replica"":""557c57ce-d06f-4e60-ae3c-60391ac47c2e""}",2026-09-13T17:14:02.427646870Z
"2026-09-13T17:14:03.021Z [[34mdebug[39m] 📤 [PUBLISH_CYCLE] No active devices in Redis cache — skipping publish {""service"":""mqtt-publisher-lite""}",info,"{""level"":""info""}","{""project"":""90a47e04-a329-4122-9c82-2ee75a4562c2"",""environment"":""f6319bd4-2e87-40d4-8547-4ce714038bc1"",""service"":""c236b8cb-3eff-45c5-aca0-23e73e33dc8d"",""deployment"":""a6bd896b-ce92-4f23-ba48-744194e620d7"",""replica"":""557c57ce-d06f-4e60-ae3c-60391ac47c2e""}",2026-09-13T17:14:03.085445542Z
"2026-09-13T17:15:02.409Z [[32minfo[39m] memory_usage {""service"":""mqtt-publisher-lite"",""memory"":{""rss"":""610.09 MB"",""heapTotal"":""137.02 MB"",""heapUsed"":""142.59 MB"",""external"":""34.35 MB"",""arrayBuffers"":""24.69 MB""},""metrics"":{""mqttMessages"":0,""publishes"":0,""databaseQueries"":48,""httpRequests"":2,""redisOperations"":17,""fetchesEnqueued"":0,""fetchesSucceeded"":0,""fetchesFailed"":0,""fetchesNoCredentials"":0}}",info,"{""level"":""info""}","{""project"":""90a47e04-a329-4122-9c82-2ee75a4562c2"",""environment"":""f6319bd4-2e87-40d4-8547-4ce714038bc1"",""service"":""c236b8cb-3eff-45c5-aca0-23e73e33dc8d"",""deployment"":""a6bd896b-ce92-4f23-ba48-744194e620d7"",""replica"":""557c57ce-d06f-4e60-ae3c-60391ac47c2e""}",2026-09-13T17:15:03.418147821Z
"2026-09-13T17:15:03.020Z [[34mdebug[39m] 📤 [PUBLISH_CYCLE] No active devices in Redis cache — skipping publish {""service"":""mqtt-publisher-lite""}",info,"{""level"":""info""}","{""project"":""90a47e04-a329-4122-9c82-2ee75a4562c2"",""environment"":""f6319bd4-2e87-40d4-8547-4ce714038bc1"",""service"":""c236b8cb-3eff-45c5-aca0-23e73e33dc8d"",""deployment"":""a6bd896b-ce92-4f23-ba48-744194e620d7"",""replica"":""557c57ce-d06f-4e60-ae3c-60391ac47c2e""}",2026-09-13T17:15:03.418151961Z